latitude,longitude,cluster
12.916233345526855,77.58790806250656,4
12.867216439493344,77.42934445617884,1
12.897557870580524,77.64420902117143,2
13.004071368818655,77.55178165193665,4
13.085692176042036,77.43434982777971,3
12.997039038077611,77.47031519098135,3
12.85873228305461,77.62123214243651,2
13.09800604056164,77.44329077261193,3
12.907891905383549,77.50232815458156,1
12.837574897929237,77.41518435558739,1
13.067927419357613,77.63693080615947,0
13.096649497897026,77.60305310540974,0
12.996914941924766,77.45401714224121,3
12.82346639332631,77.49882865595234,1
12.9597626331032,77.57913945512676,4
12.882123323436382,77.57343071403763,2
12.84042101643141,77.65497219797139,2
12.963810766676271,77.4373235882029,3
12.819897277764698,77.69387356051833,2
12.892723704340945,77.62298760369238,2
13.013308432599567,77.58582914734761,4
12.908415298995086,77.59000055632625,2
13.058111732038157,77.60583522661378,0
12.921970099108538,77.56821139804511,4
12.93322497853622,77.66194946157917,2
12.808015480525208,77.50023110017635,1
13.071761362312133,77.6971371359346,0
13.04186995588506,77.45207480875614,3
12.972506961614188,77.51351844765989,4
12.889406487386076,77.60994207090631,2
13.071298052721575,77.6819670300733,0
12.949639923230862,77.64898860289196,0
13.062055358235035,77.4641084522033,3
12.90756055079406,77.62513058524928,2
13.008433823120818,77.68860396089295,0
13.035615884025566,77.69990773595872,0
12.999045057384516,77.53414081207603,4
12.890369149110784,77.66153792589039,2
13.010712249823875,77.55396368415988,4
12.947563470278842,77.43211826079464,1
13.018284168766533,77.47959437522694,3
13.00557912799264,77.61277146728003,0
13.012101273263465,77.54170493140198,4
12.945481644596216,77.42485494506806,1
13.08332589949804,77.63993909628907,0
12.952643205775113,77.54639717131063,4
12.957308334678372,77.45047302533244,3
13.066319772025071,77.57722895785774,0
12.9669722188965,77.6987711113192,0
12.818500873727269,77.47538225069897,1
13.081420021535276,77.54553011319506,3
13.051298613975623,77.66418656210078,0
12.917371517098369,77.65225262639346,2
12.958800296297808,77.6844579579093,0
12.920943533162648,77.5939013581804,4
13.074700649377306,77.4238235979586,3
12.82225708427664,77.57235251668621,2
12.809255671207913,77.57912874930719,2
12.971092496943616,77.56370927333725,4
13.01926757925112,77.58687867806708,0
13.035275204056177,77.44704512675142,3
12.810268637474222,77.63608195566334,2
12.894127984643047,77.6943111380659,2
13.022995664908718,77.46469907682291,3
12.822674324702673,77.57792800033754,2
13.082810850155244,77.42976713273158,3
12.958121516404525,77.65565727167112,0
12.989180600088323,77.69820776495264,0
12.996839736338174,77.6089049930296,0
12.926639456194968,77.65717831840598,2
13.06139095003794,77.40865812487544,3
13.075015707802478,77.46789388618222,3
12.84174742960823,77.69181854540892,2
12.880012065656375,77.69144418333569,2
12.99788759282222,77.66077732710286,0
12.907221110223542,77.46369287476927,1
12.853010165056697,77.45974419040309,1
12.896160317304028,77.69605979136094,2
12.940629167222816,77.59927393595244,4
13.006198605258987,77.56833042095637,4
12.907116266425149,77.64517281070913,2
12.90444524460642,77.64568831507502,2
12.892633310370533,77.54341101286076,4
13.0541099375394,77.68910918246787,0
12.8786004852152,77.50491894317061,1
12.809112791259777,77.64736189234848,2
12.823955399449012,77.42074840046438,1
12.840454138932094,77.65382694259574,2
13.025041326725315,77.57799757612459,4
13.006297146269183,77.56433868773692,4
12.93393586198845,77.55658353840693,4
12.966808281887078,77.40037091868761,3
12.92250502466689,77.60738000176313,2
13.04464023893592,77.41325648999958,3
12.94916998305104,77.44447884803616,1
12.802478594368331,77.65598420738212,2
12.864104628818392,77.67837784967223,2
13.051625420300631,77.50896452368269,3
12.957101395095926,77.67597884499678,0
12.96769626915981,77.47290290154857,3
12.823254248038817,77.63189904083794,2
12.998619983989514,77.57066303349112,4
13.038971552254258,77.65753671231928,0
13.015463126038805,77.51903071688129,3
13.055752610264609,77.53107761031501,3
13.021162235811412,77.43991514772843,3
12.934397640643851,77.59755206012058,4
12.982869078054811,77.40838702748069,3
13.075864526719434,77.62628158660846,0
12.921745746868906,77.50357452904372,1
12.92582355714682,77.64799567783938,2
13.06937582116104,77.49463139362999,3
12.943795496388388,77.49519314926104,4
12.869504699185786,77.65199355482262,2
13.02652839418698,77.64142806459083,0
12.963168623046696,77.52971341169876,4
13.087865213978572,77.64882903391444,0
12.987525250991135,77.46886945937821,3
12.809202455180666,77.5800530841173,2
12.950174251051296,77.41481863688142,1
13.004957431831496,77.47771749715258,3
13.034891197847776,77.66787670004881,0
12.972915352709542,77.55827503138703,4
13.089488751192832,77.54776024341005,3
12.9768908378726,77.4985376579214,4
12.994647294373037,77.60966509505101,0
13.008456780997044,77.6229717345358,0
12.88245629469384,77.54434738568632,2
13.044050228652257,77.52090851061628,3
12.87957853339175,77.48701389608365,1
13.08480785826641,77.60768747164165,0
12.826582521722276,77.66980783910107,2
12.846067970411152,77.58647483345229,2
12.971779366666478,77.52690181436677,4
13.012665127399798,77.65437770793247,0
12.824545066735638,77.67422824855306,2
12.880232161555645,77.46519606298472,1
12.92353489077312,77.43812685532046,1
12.807708335527783,77.64762361899031,2
12.95979138702035,77.62786931138206,4
12.83353514116948,77.56109510366815,2
12.839074655800331,77.43593467566438,1
13.086393907326867,77.48144163681741,3
12.879330767131451,77.44271066518317,1
13.001492024672856,77.55372804067491,4
12.977663105855582,77.55299845309368,4
12.86002489571727,77.4920037853042,1
12.876693975084011,77.43508432324937,1
12.853884934077138,77.63916119521424,2
13.03642844684016,77.49808273682208,3
12.94977279506264,77.52620960291688,4
13.074210848085544,77.65619464255641,0
12.995998768920044,77.65150496256324,0
12.845584879806156,77.56538919344723,2
13.039401479148802,77.47478446341817,3
12.991312456802811,77.44320337159053,3
12.916756698627845,77.46166325233723,1
12.86298811491866,77.60260948913346,2
12.99727416672544,77.6859290455097,0
13.047890938808784,77.40143944241052,3
13.00345802148104,77.45963732948891,3
13.028697001922705,77.47666021519031,3
12.949594011018094,77.67043287146184,0
13.061892417874995,77.63429116112388,0
13.060113920825724,77.5993317568549,0
12.827050452713976,77.5369490502728,1
12.987989160550631,77.61453276395333,0
13.021031521559326,77.5676267621881,4
13.077901619275387,77.47735227800594,3
13.051537204257448,77.56623994535421,0
12.991389565253195,77.6145368180075,0
13.08145752587118,77.63295818351244,0
13.002094967821272,77.59424648777636,4
12.965554732377525,77.5152299016361,4
12.8738640526241,77.48162587676133,1
12.909786335971503,77.59376347890972,2
12.839988258150557,77.52009784439362,1
12.830461697221445,77.45800292360695,1
13.002677898573891,77.66725490275662,0
13.00447073309614,77.57897128612372,4
12.919850935219705,77.44117917306318,1
12.904467818154266,77.56659727383727,4
12.824762707583703,77.54088172887135,2
12.94652347279404,77.51736109077058,4
12.939432034967956,77.60211227392077,4
13.003268698183009,77.66776388668842,0
13.093776155773078,77.69801828720432,0
12.957020743182776,77.40395174796821,3
12.918611976300276,77.61005590244396,2
12.837738506679022,77.6756226251398,2
12.955647262025362,77.43529466735,3
13.062341002337352,77.5248791866872,3
12.823963303789878,77.62939820859066,2
13.06443409817733,77.63178866346297,0
12.88285871331497,77.40510170752816,1
12.990998567518451,77.44740785092328,3
12.897248697024652,77.68056545545652,2
13.003823783164805,77.68101654468609,0
13.08057190716127,77.53556509807443,3
12.981395382113686,77.57748758680037,4
12.918773565823306,77.41888496173641,1
13.033837711834524,77.43624399919132,3
12.861957750696767,77.5637987179268,2
12.86641953442622,77.45983719016535,1
12.815004739965964,77.68296648851262,2
13.058097501235746,77.55596826109358,0
12.942781043140934,77.58370962870504,4
12.90626353964736,77.41615911477076,1
12.854120266190096,77.60052016677545,2
12.914427330716377,77.49111694732471,1
12.95679379929015,77.49804085454139,4
12.862642607757753,77.46842434291729,1
12.874971359835024,77.61485737191529,2
13.075029541802644,77.40942240756482,3
12.953657311651265,77.48100116545943,3
12.83422233883753,77.69338302098308,2
13.087280578579747,77.46186566408808,3
12.95535846373833,77.66258295194602,0
13.083967743897317,77.43570079463345,3
12.8814490724454,77.58333967794582,2
12.976292348645892,77.52996382131475,4
12.90276660999452,77.52136667825465,1
12.884062660741709,77.62649460976651,2
13.015533979144635,77.60113457557688,0
12.867597619887048,77.52650478548597,1
12.850565832884646,77.46346115558566,1
13.087894962343894,77.63877416956414,0
13.008621287110326,77.4521819508875,3
13.0359235579009,77.560036989953,4
12.904377562212138,77.40946934887002,1
13.05448475956062,77.45063776436403,3
12.887966148849872,77.55545160120462,2
12.82624551149794,77.68910883304395,2
12.915423430189303,77.50509803172953,1
13.077419513403472,77.60178462322142,0
12.907452260019824,77.41580320890753,1
12.95865301720085,77.56192673427728,4
12.949218747422597,77.66720254086813,0
12.937770328317612,77.61278383886956,4
13.031819439012589,77.49246605576165,3
13.05113787090245,77.41675616584907,3
13.094540152892176,77.56350346898522,0
12.820718443592174,77.54168307275499,2
12.89558600415452,77.63262051725053,2
12.835831545895228,77.52602917212596,1
12.82786621179762,77.5361489867706,1
12.901846519418877,77.42594036071277,1
12.826720840516842,77.51373198357143,1
12.959109619064128,77.59538624389286,4
12.937919478559795,77.64406484978402,2
12.831540262418471,77.55067059112898,2
12.985907573485724,77.4164713975304,3
12.971261919199096,77.55852550639595,4
13.088377191428052,77.56087842383904,0
12.970470362549705,77.57289930710581,4
12.951134023423004,77.62208099101076,4
13.001918579286691,77.6470207616422,0
13.026490118883652,77.68746645130038,0
12.832642108273324,77.63062385613901,2
12.86699311405469,77.48561582016654,1
12.818754665769903,77.60422697711846,2
13.0068002398617,77.60480410538563,0
12.823612584793375,77.45782200893808,1
12.961405305473123,77.62711329628706,4
13.092424044569926,77.58697404272402,0
13.00187175795075,77.66048419738328,0
12.914798958160029,77.60121649106674,2
13.03804274677579,77.43827457371025,3
13.042815174456011,77.49370845161461,3
12.897014118160426,77.43703303377964,1
13.01947082969256,77.47877681513278,3
12.963719336306031,77.60935551054006,4
12.960362884269276,77.60350323074674,4
12.96923823611209,77.5869423409398,4
13.004631195608791,77.68830531834375,0
12.872894176644442,77.6323440916599,2
12.935588646219278,77.43415614936914,1
12.883626011867849,77.53264486524743,1
12.990742679707765,77.60529697728265,4
13.083890914751372,77.59322148788381,0
13.023298594131704,77.40123114360206,3
12.88811057486719,77.56885187768015,2
12.823835904140156,77.65218737295014,2
12.98674231214305,77.57318665186564,4
12.960513687796428,77.4507743696942,3
13.053001056193558,77.62242098167606,0
12.945242875942904,77.66942940275888,0
13.083658184595404,77.65331151689375,0
12.941792997163352,77.51768322676492,4
12.960818470187917,77.47824808296456,3
13.020757489012627,77.6063103479756,0
12.976593501673342,77.43829006341066,3
13.084636444454166,77.4372989049569,3
13.059935541026451,77.63566159064862,0
12.91906218482426,77.69594570959643,2
12.905056295424872,77.4744272205468,1
12.93856016219092,77.41877899926224,1
12.942577478972863,77.59248866132384,4
13.04237309136388,77.62914956274581,0
12.836830801411011,77.5678866409108,2
12.898178757326969,77.6947260271517,2
12.903791315074717,77.58048001654832,2
13.018330642260944,77.67663054264789,0
12.922195016170583,77.67814012386197,2
12.86838184176261,77.60443487776315,2
13.060716134130208,77.67509393400572,0
12.800011465682042,77.42868021052287,1
13.002399028859358,77.5327287523862,4
12.969262987129854,77.40569211080911,3
12.850363368298227,77.67028102036029,2
12.905742469709564,77.46925847370846,1
13.07237190891584,77.65264834198581,0
12.944608454027636,77.47667148486765,1
12.835334927308653,77.49152966384611,1
12.825451592713751,77.50052318905459,1
12.970641990912718,77.4590543549873,3
13.082927095106632,77.47829403560917,3
12.836188397590266,77.6521002280905,2
13.036117571199965,77.67193427979353,0
12.981735461835772,77.64873310353134,0
12.837054304822168,77.43362708822791,1
13.089355202228338,77.50877089349635,3
12.869907006839414,77.62840029270481,2
12.94181805759611,77.59073284550429,4
12.854151810458552,77.61933633050172,2
13.092585703695368,77.50970557425785,3
12.853572170703938,77.50198696410662,1
12.874497060308586,77.64360137788813,2
13.042365162478394,77.51022220034436,3
12.81038919080261,77.61097371385353,2
12.87662004964134,77.50527721893089,1
12.820811063750924,77.64066688470638,2
13.021977410048898,77.47402289835561,3
13.02188303327652,77.53672603001974,4
13.01265757056608,77.59593646501718,0
13.029972848265714,77.48460163400905,3
12.946704739721476,77.51419279068456,4
13.010772882393098,77.44853083333359,3
12.858520464060453,77.64752161141925,2
12.893939850642887,77.46510891691219,1
12.9028700839856,77.57671804358905,2
12.89052194512483,77.46007653195574,1
12.895592401677318,77.45756811486787,1
12.863615842393152,77.47194136078248,1
12.964135065481816,77.44874163085608,3
13.041296597553773,77.44899831997662,3
12.96528400733946,77.69468661915225,0
13.010730853812582,77.40061925035774,3
12.800037832465566,77.696103267028,2
12.900502823322466,77.44492565764563,1
13.065797549420196,77.59316631067655,0
12.931328143216898,77.50294316168151,4
12.88102394442105,77.54419147761352,2
12.859129715555587,77.67772118801017,2
12.86020563020808,77.55401965819586,2
12.912521332841814,77.5755718836741,4
12.866964623307148,77.67331440670824,2
12.96158398920164,77.52889726919523,4
13.09939511436191,77.50375322758774,3
13.014293153163832,77.57387253308512,4
12.816155727024828,77.4713338597623,1
13.04039486952915,77.54343415031082,4
12.966021002164814,77.61401631463974,4
13.086551753257336,77.58523529925468,0
13.048488387274896,77.6941671834878,0
13.038537796863515,77.64312495843808,0
12.833038124284116,77.65085197531879,2
13.064648574221524,77.54371634655902,3
13.017962054577106,77.42153504520734,3
12.896560932642572,77.60634068128333,2
12.944946623950411,77.43069493476986,1
12.81053927086208,77.68588863189227,2
13.003478802006796,77.40390572196486,3
13.052423503094904,77.68338163743411,0
12.9424885360019,77.68832734410972,0
12.868205264003734,77.53556310596231,1
13.06292348444922,77.61101461447743,0
12.890234973671571,77.64325805254302,2
13.005724267891628,77.44174350004869,3
12.831804612232265,77.46127854076785,1
12.821364129647206,77.47220045195338,1
12.963806955881417,77.52601185135556,4
12.842329593950618,77.4879820904803,1
12.804425277733277,77.5749178787536,2
12.975614131885877,77.69143428057018,0
13.059889892678363,77.59505327536709,0
12.896429809045898,77.40476414053894,1
12.97954703912595,77.48158851895015,3
12.83873922180948,77.57319391879682,2
12.925334650650482,77.64799213716553,2
12.867493122286806,77.60470180115401,2
12.973215493547288,77.44710481943635,3
13.049552683191475,77.57267731581503,0
13.048177200075813,77.64647604264665,0
13.037461238045491,77.4837414173623,3
13.023162371094068,77.6622996073184,0
13.049871534359404,77.40010462834461,3
12.968480734982176,77.69262227765384,0
12.90917027788053,77.45198031834128,1
12.96804178809379,77.6379847417814,0
12.892713332589746,77.6153956944704,2
13.012544213183132,77.41587553931215,3
13.003556729102351,77.63819081157204,0
12.902749481021504,77.49979795263683,1
12.934822189820071,77.43584897167334,1
12.901572082631732,77.6113053381189,2
13.081974205004402,77.62006769572044,0
13.03129234497024,77.46887558221043,3
12.920852849770242,77.40246182769049,1
13.001668144946931,77.572723002082,4
12.956678676266172,77.60443660074739,4
12.907889822002224,77.60309432650672,2
13.014480951149665,77.64130741323306,0
13.020858086374783,77.6224168994426,0
13.080862914891616,77.48467934795906,3
12.849200208356212,77.42782395602849,1
13.069710899022471,77.49852942327134,3
13.026679701311616,77.40735007780819,3
12.9894730676604,77.6326222543128,0
13.00430861125084,77.57364735701212,4
13.014501558047552,77.4543854044542,3
12.915273056352415,77.45260842348944,1
12.870530719854337,77.62598583781487,2
12.822047173144924,77.40905473758913,1
12.945610612680506,77.6705009799275,0
12.946436297285194,77.56268986612434,4
13.086584162997305,77.55450783327476,0
13.038655591249736,77.67755546552381,0
12.855094805475314,77.49763753128732,1
12.963309892056175,77.68455772430768,0
12.961054340911913,77.65845083530984,0
12.93964783671189,77.42170483068232,1
12.920834859203213,77.56705724504283,4
12.80002117104544,77.65092940583753,2
13.02727478526234,77.43005696537615,3
12.805310189312548,77.54989659915223,2
13.034156214679689,77.54595908839705,4
12.93159108575281,77.59728572354933,4
12.80126626414491,77.63875198863254,2
12.864377568998943,77.4001118961474,1
12.847456440656064,77.58851339522523,2
12.974553444495434,77.69907562096957,0
12.860080683607316,77.54775791112851,2
12.872556201626178,77.4137416220647,1
12.972650135822574,77.6007124225444,4
13.000453156124244,77.5987833678734,4
12.974952324917544,77.64153695078117,0
13.023961138522258,77.45104211754722,3
12.901310463391097,77.67052709835933,2
12.829181964780082,77.52043556163336,1
12.986542839487113,77.42580536737503,3
12.87478857865288,77.51585890773036,1
13.063729690861823,77.60477287654129,0
13.097625631993983,77.5655524948499,0
12.964604510985277,77.59861427051905,4
12.815657789735765,77.44421136020209,1
13.093265091815198,77.59603130761145,0
13.021226931135518,77.5849594747861,0
12.987796852285976,77.41032439915531,3
12.910432605507392,77.55043308221451,4
12.817109423165643,77.56965328590759,2
12.957051143975193,77.56850270017574,4
12.862834478533127,77.57775573033878,2
13.062717027151974,77.46377201585918,3
12.970234099913402,77.64035565189519,0
13.04872088178789,77.45209133953122,3
12.921520274799118,77.60096088094754,4
12.989609208054503,77.45990892388058,3
12.8943264504803,77.58613320918859,2
13.01776625169319,77.4076104418179,3
13.0255154781719,77.63326131347239,0
12.9545527270479,77.57805284720922,4
13.007195458631472,77.65123791695392,0
13.066911160991852,77.56803717207657,0
13.047746665488738,77.44952471481426,3
12.982604759918646,77.52019745613957,4
13.016585357691548,77.401731690732,3
12.981889817961482,77.45615643917465,3
13.05524108367718,77.49695793060786,3
12.974559210019954,77.59159990888298,4
12.848433545006106,77.63218496849774,2
12.824080603836098,77.48765740397957,1
12.859985838410903,77.66120817437745,2
12.811631842850478,77.50595863514725,1
13.083080609121025,77.42831698340792,3
12.816403771029938,77.44786683692345,1
13.016564377490726,77.51524055160725,3
13.066411803246046,77.43866908845706,3
12.85885501366236,77.56241763583641,2
12.92241758798274,77.65014088422177,2
12.912403962888396,77.62599722034655,2
12.962991513089644,77.45868568325582,3
12.85111852455881,77.57841326853669,2
13.008126648169553,77.45611456722452,3
12.91984184816401,77.53547775238806,4
13.061822083321372,77.60895862634311,0
12.814166197095174,77.6421645898238,2
13.00322707578524,77.66804778519794,0
13.09342080729068,77.56405997810779,0
13.025882852746912,77.45464444928652,3
13.032182773817212,77.44202485889424,3
13.079219525795766,77.43013793928412,3
12.880268733611253,77.49047042083187,1
13.096448469235655,77.62089732725894,0
13.007182605614329,77.55380477616032,4
12.85259522554814,77.56819094802927,2
12.93271213592102,77.6807697063036,2
12.940191965868964,77.63744374600114,2
13.020605785735562,77.6069319907551,0
12.891979394230953,77.43089139997493,1
12.988399938909485,77.49104987743719,3
13.097658140029576,77.49208376925561,3
12.911597113238145,77.42842678990489,1
13.045318729076673,77.66521357165868,0
12.869853091880836,77.48075250937758,1
12.964082841963013,77.69133913846088,0
12.839871919811422,77.55869349817614,2
13.09305100134471,77.5177447200028,3
13.017602141100213,77.63893514269459,0
12.890386280401136,77.41850798598212,1
13.084158969530304,77.68913659752084,0
13.02526112629324,77.47078427285331,3
12.89278234102292,77.60923154464362,2
13.011681478799478,77.60827968406397,0
12.811557649291895,77.64735071562046,2
12.86932836746738,77.65418783582857,2
12.858606875892931,77.44333813697806,1
13.069706934998637,77.66834546216423,0
12.840242427232631,77.57519918120774,2
12.838577760973282,77.62140050180821,2
12.88875199717865,77.59710264835381,2
12.903201382841232,77.60853949167797,2
12.973158173151464,77.41456857846892,3
13.074439733376424,77.60736701467516,0
12.850833635516418,77.64298505751137,2
12.893377777591695,77.56568850145908,2
13.06311822958045,77.51858994285365,3
12.985202282401255,77.58822298621264,4
13.039725766432198,77.48699054979264,3
12.859918676436653,77.45574413775128,1
13.071385971264752,77.4796757270605,3
12.93793781320444,77.43760201239728,1
13.01830482051601,77.65440455390434,0
12.917165413473093,77.40679024248844,1
13.01612324963771,77.60839871024466,0
13.059778224851698,77.60662786420666,0
12.979739002346149,77.45517741052241,3
13.052203991314418,77.42262375767496,3
12.851407096394462,77.4487051801583,1
12.905382125355295,77.59944434016192,2
12.838121752272396,77.50005120119933,1
13.007954049857132,77.63215961935911,0
13.002936167473353,77.5427091890502,4
13.074304931182937,77.48270650376428,3
12.881434212049603,77.4531701629476,1
13.091088856118626,77.65621637515945,0
13.067417884091912,77.47482078229818,3
12.834470984016177,77.46480765612147,1
12.95485307252692,77.49906061383214,4
13.016754566299172,77.65232409695747,0
13.016737754222143,77.50450996315139,3
12.851076000758953,77.47524249726106,1
13.053536483249864,77.58817277947627,0
13.059699646214002,77.66665163594517,0
12.99731655413921,77.54414132951726,4
13.008490251859769,77.59544051573162,0
13.07366020290239,77.47248917991263,3
12.98777666486659,77.68780924923617,0
12.83948584602106,77.5961983472614,2
12.8430504490795,77.4087437269675,1
12.998923104639283,77.53531540589675,4
12.893647085147045,77.50942080544893,1
12.906103579309573,77.4527830627562,1
13.03447632162669,77.43366794925014,3
13.091463409486751,77.61867079918461,0
13.000276435932912,77.412498337501,3
12.994048388403362,77.66432023673833,0
12.91632336300893,77.56019575998783,4
12.89222268991879,77.42688885374203,1
12.984830567903051,77.40850473749042,3
12.939928090848236,77.50932189390144,4
12.974422806980469,77.48551154541828,3
12.80851435368034,77.58774724443202,2
12.84135946719605,77.59735162832817,2
12.880764300894617,77.67534023802904,2
13.051375592760506,77.64586281086179,0
12.89906886642178,77.59072949345475,2
12.854654791221712,77.47146522123649,1
13.0799811517154,77.62776795393027,0
13.008841366907374,77.52918944281953,4
12.838304701984535,77.64300950772022,2
12.970366119164868,77.48333340877706,3
12.97650229672644,77.60542506714314,4
13.061127006917657,77.56945794946239,0
13.091314260683603,77.57657743454752,0
12.93843385361342,77.4203315938964,1
12.993434764877204,77.43892174216512,3
12.82010086511614,77.63477246316539,2
12.973927082396346,77.6935948234974,0
12.939796090528342,77.60258036249164,4
12.814093293215718,77.5494703584081,2
12.83928207195522,77.53028984782283,1
12.991586442782612,77.52916495430067,4
12.92311610812992,77.44207601287589,1
13.062622276453636,77.62975582568575,0
13.049538373196302,77.48426629308406,3
13.042472387895844,77.69141990981475,0
12.868633174951931,77.55189512113094,2
12.84551526387824,77.65825422464465,2
12.939909967396334,77.51806365962314,4
12.898591258303398,77.58717408094716,2
13.0818394126407,77.55753820718917,0
12.928236864948447,77.56714205372127,4
12.865739124721545,77.55747762279171,2
12.845007226637964,77.46037417591916,1
12.971860792122014,77.51312790158612,4
12.861972251265732,77.66973694474586,2
12.94992918697325,77.53377501501937,4
12.907954494951564,77.61721895476798,2
12.99538279224838,77.57165758846139,4
12.938331383186611,77.64374436535755,2
12.991042013953496,77.6502927509386,0
12.864714330945668,77.58628147127061,2
12.864428674830132,77.44555009119883,1
12.818066341351244,77.5546873740629,2
13.069956019063124,77.48279041228275,3
12.868216265327096,77.40184972662455,1
12.88483145313863,77.50877889928508,1
12.808603315477676,77.49460953199356,1
12.811227520153524,77.64184226276029,2
12.977429804922767,77.65106396130982,0
12.895788149522645,77.68643768902764,2
13.09539602120047,77.50442231663001,3
13.01592458741528,77.57774636606104,4
12.942076439371505,77.52770903437076,4
12.843778082567407,77.41788054314716,1
12.820983571722724,77.60238176342986,2
12.924130293685447,77.64591636623699,2
13.068122119924247,77.49428385607882,3
12.850261587686145,77.49621278366702,1
12.864013452771983,77.62198208458285,2
12.801660308563926,77.65689109509199,2
13.07225745015238,77.62055180054284,0
12.865106069389956,77.53732626711172,1
13.008844852651018,77.61817506673933,0
13.000594001589114,77.583884874699,4
12.810606060220756,77.65107379974187,2
13.070605153497617,77.5765868807957,0
12.836188425524744,77.53307092101531,1
12.845806611359174,77.40454748492198,1
13.010751514709508,77.57960421981355,4
12.886048065641544,77.6617398107853,2
12.82169330940139,77.43180848831912,1
12.862875091281351,77.6354806194023,2
12.872637559041957,77.64518669832607,2
13.044736101709589,77.50078402423831,3
13.06313145419914,77.67737222832176,0
12.873833131174774,77.59913850439618,2
12.945671480614411,77.60232318091606,4
13.02144464652498,77.52948571027821,4
13.064719062501556,77.42207005984709,3
12.944751416771863,77.41399847279791,1
12.986087089478035,77.49987555324697,3
12.916086656431071,77.57859821163215,4
12.927803631770018,77.68106652785333,2
12.936613691245396,77.4618447279546,1
12.871003933854317,77.63691559613277,2
12.827186731905211,77.59602311748371,2
12.937005321548906,77.66858042727772,2
12.903078948346645,77.49928781897455,1
13.070152331379736,77.60010599191523,0
12.94159349468908,77.55805616466674,4
12.981429367446257,77.52225193437988,4
12.927389099866328,77.55909097246825,4
12.995125138338013,77.47065767695433,3
12.945319781432294,77.51319382976529,4
12.976789226291444,77.4450339453636,3
12.965042194129325,77.55670372701145,4
13.069032989484864,77.56193991031991,0
12.840439029710204,77.41463169468835,1
12.829974954865971,77.49433018475015,1
12.867052647320062,77.65490645896782,2
13.098392383471,77.49798434180452,3
12.880083175922394,77.54786376367304,2
13.054529816221116,77.55368210722017,4
12.92773913377323,77.55586338933408,4
12.94982086873024,77.5662411217188,4
13.001275100753418,77.61638127193106,0
12.821211647307509,77.6552832122447,2
12.899924052542458,77.56831810938804,2
12.965458967353795,77.59026132736525,4
13.038024131875645,77.46237116289487,3
13.025737743791405,77.4876480483587,3
13.051589026473792,77.4675532203162,3
12.864036907267408,77.57189543169613,2
12.955674779568769,77.65311561301267,0
13.04394874646975,77.55900993730457,4
12.935122863980256,77.67870438503896,2
13.045843585265157,77.6044672781238,0
12.834493326393764,77.4843428463956,1
12.822235591627685,77.5895408897291,2
12.95922100383098,77.43248765056875,3
12.858331138746877,77.67032596778768,2
12.941230210301203,77.58025133008567,4
12.989710654883318,77.58215379280827,4
12.981796544332738,77.63756922994526,0
13.079905063243404,77.6644652112342,0
12.831508012883573,77.62964395265925,2
12.911489466581898,77.67499684058907,2
13.059125572775867,77.53333273012305,3
12.96955084054479,77.47855204276142,3
12.825919967842626,77.53221256484733,1
12.848725310640177,77.67987828230315,2
12.928167761005517,77.42897119045207,1
12.806120804920992,77.48554087834871,1
12.91536072928515,77.63250238925387,2
12.822422815087306,77.57030436471096,2
12.920253905946817,77.68119814369662,2
13.093301979163677,77.42602205534848,3
12.992872858237256,77.69728373717444,0
12.809069918727513,77.53746750115536,1
12.97421614587874,77.55516999098784,4
12.96888196477116,77.40177474370432,3
12.926229985828655,77.45886911653112,1
12.902275468176846,77.55434313636587,4
13.03711067815138,77.58935187135965,0
13.08535039070417,77.68003454850852,0
12.929993527922775,77.45141446264883,1
12.968401756393972,77.45131467866052,3
12.972680482942437,77.53711075839097,4
12.80298045160909,77.46908024957476,1
13.064911790180927,77.68806278171778,0
12.982952992606934,77.66271712514303,0
12.951551491104343,77.49031476708001,4
13.074067801928924,77.45394036531795,3
12.807298508607005,77.55395203492034,2
13.012664793889108,77.55819790676277,4
12.878320867493631,77.47013409903067,1
12.956098800990231,77.62945549353756,4
12.870359016380338,77.48874469331295,1
12.801957903080204,77.64388698179152,2
13.03539382616829,77.63181074799782,0
13.06081065849137,77.48110088589091,3
13.068492617573398,77.59149032016353,0
13.060410973987768,77.54942839871832,3
13.042357478424876,77.63218653818117,0
13.096718196723172,77.66592240717371,0
12.82352954109823,77.53379383971628,1
13.079341976689738,77.40032608930579,3
12.864809133088825,77.43004288517587,1
13.0867726261629,77.68408841252726,0
12.912844097278803,77.40761123234347,1
12.879973954490872,77.41045465779892,1
12.923814101485693,77.49768050885008,1
12.94001018052836,77.4058262064489,1
12.92403405200248,77.57967070680284,4
12.856497207764855,77.61733718084058,2
12.898627558850878,77.600747149863,2
12.881946586200554,77.43025387306207,1
12.85787343909658,77.6228688236403,2
13.015835727521116,77.54381174651417,4
13.07061648919582,77.60985502339902,0
12.939703434391754,77.54509617847592,4
12.984887388655968,77.47121392846047,3
13.001984555353458,77.62063474977748,0
13.023578437210627,77.6184795608534,0
12.803115734570142,77.62094756045163,2
12.976968021478951,77.58752315080939,4
12.859753138148534,77.52802730383571,1
13.064842821134109,77.52292010888772,3
13.095979830202968,77.51632842917222,3
12.869515199996956,77.51449195331075,1
12.860469876882128,77.6579720207574,2
12.870371088909902,77.55086028014124,2
13.027591809254307,77.66174919875013,0
12.977037246248218,77.40025264196713,3
12.889837724398047,77.68700261643396,2
12.983332030039993,77.58036897131707,4
12.995081901042049,77.55069505818113,4
13.094312597684588,77.46085570998494,3
12.90683670766866,77.64952074201935,2
12.831900279136525,77.56931179890489,2
12.904695243882085,77.61011227100836,2
12.814076976224914,77.46354217277916,1
12.977810046444509,77.46112445233695,3
12.955230514100007,77.43905392649775,3
13.075192948224093,77.4378036567462,3
13.001361100584866,77.63818408771448,0
12.961254565387495,77.64692075529308,0
12.920023844404154,77.53497572705311,4
13.018863413965605,77.69411908403383,0
12.93648524028315,77.57377103277437,4
12.946004024704116,77.60426004123926,4
12.961108714878062,77.66118995379053,0
12.91517741111945,77.46017299762804,1
12.894902325618466,77.66620195310561,2
13.018783383443637,77.4024137739503,3
12.930539340094928,77.58416152254472,4
13.098291616254723,77.63407513509637,0
12.97365370654352,77.62921584298277,0
13.004171244704828,77.6793696384788,0
12.8664059248681,77.63189930827082,2
12.855978973652508,77.69266686864843,2
12.86184045783158,77.55984516047648,2
12.939968626251249,77.59804422644272,4
13.079038864081737,77.63190183430144,0
12.824570909393923,77.42354716387713,1
12.953467660125227,77.66872176208526,0
12.960028164532783,77.42806756331389,3
13.0366626169837,77.50014885808274,3
12.827469816033332,77.57868359677535,2
13.053113003689887,77.68516041999489,0
12.852162535721012,77.50755292552535,1
13.060527554628395,77.4584479262365,3
12.853021947704171,77.5471902386044,2
12.939828842087191,77.46867739998892,1
12.95692229927299,77.69240265553599,0
13.043508658270955,77.48446664712611,3
12.810476543319268,77.67464741854195,2
13.097653170566078,77.65130501859751,0
13.087030906988115,77.44447283777416,3
13.081205198942214,77.54686147047349,3
13.072052518979357,77.56948148252945,0
12.97378265167847,77.41582213803201,3
12.87033792213258,77.47901698516749,1
12.95507375380129,77.66643166119204,0
12.900338198891896,77.40566688537321,1
12.911710731023566,77.44722168192735,1
13.042704427691952,77.40069872407084,3
12.81100622764718,77.44198727110985,1
12.960754176076026,77.64359465686255,0
12.888554636336204,77.68688362040697,2
12.94932730046296,77.51935739268502,4
12.84292589813711,77.42034267550403,1
12.903016754368728,77.43089223369552,1
12.826980388436692,77.44289036843298,1
12.91343969508458,77.59842870458189,2
12.874498746702065,77.44805962873654,1
12.975338196888206,77.51640268550112,4
12.844826712158332,77.58995853337889,2
12.88881845825422,77.5028902519068,1
12.89938534500842,77.67305956772421,2
12.854437110501824,77.41137318047146,1
12.970428615061897,77.65273837885805,0
13.083420142677337,77.63730457914998,0
13.080201075300314,77.55458821558128,0
12.80092056941691,77.58400771395173,2
13.00826727011572,77.43690506548963,3
13.062911342760495,77.58271028249723,0
12.963745156843158,77.6975163572162,0
12.838579990286997,77.69123769217055,2
13.044275202382584,77.61634147951256,0
12.900360277181289,77.55071245694506,4
12.897936635887708,77.4855719071051,1
13.09823943540578,77.49182798685852,3
13.020823915029135,77.57024045803713,4
12.818357520757887,77.50803320334211,1
12.80344300522636,77.55186262196041,2
13.064041050929251,77.53747230935176,3
12.877181456104378,77.5172627179002,1
12.969222653453867,77.51598881316404,4
12.961103945545972,77.53283619064253,4
13.066692258740437,77.6829901080311,0
12.808049650223076,77.6249484758723,2
13.085928381724743,77.58707375530885,0
13.098668566699502,77.43685730431845,3
12.801230262661624,77.43356416249445,1
12.943078976871952,77.42743575513894,1
13.060162628047005,77.50948073521533,3
12.938454392642791,77.44903450464874,1
12.964525932499496,77.65801213871543,0
12.974406092519402,77.51649209669088,4
13.053274826817914,77.69015861961944,0
12.9110329717133,77.69115454152146,2
12.81597199291136,77.48925903479392,1
12.841450196222828,77.63395007600616,2
12.88676432043912,77.53924190425862,1
12.865158652910752,77.62459994074301,2
13.023279837068728,77.69060352169824,0
13.010193572191865,77.51783644201495,3
12.93871218783081,77.47225554288653,1
13.06931710742045,77.54086973500782,3
12.926492700625806,77.50352359015571,1
12.960155834802611,77.67746255842505,0
12.808135821204058,77.66431287000111,2
12.882873342539986,77.53561169830759,1
13.011864159316378,77.48912099739981,3
13.061228546904625,77.46022614061928,3
13.032921159659228,77.42643551072926,3
12.826563358878888,77.40830979486105,1
12.83316559151911,77.46804144491712,1
12.858884798534572,77.41213503089708,1
12.97844076282766,77.42734622609456,3
12.836528982876724,77.43282103806057,1
13.034455125902598,77.52216987219879,3
13.03950948863441,77.48338267560155,3
12.99700911453135,77.54317957907297,4
13.044189681683545,77.69614798174442,0
12.804050688900706,77.46177725516682,1
12.994179526830688,77.61445201353422,0
12.861767743935747,77.45402481450174,1
13.008182591070154,77.42749708433836,3
12.80336111158686,77.56401847721939,2
12.852947962748887,77.49946275645236,1
13.096462169550316,77.53959931941196,3
12.945906675962906,77.6572232277716,0
12.857763162860756,77.40982968938332,1
12.964958480793548,77.55847480309326,4
13.007293839003289,77.43629837059545,3
12.90235258409093,77.63204731858889,2
13.097832243597104,77.49720385392068,3
13.00206913184679,77.50404526797738,3
12.846630679261532,77.43239814219349,1
12.875510448013896,77.64575455786361,2
13.067617872220133,77.5995057030133,0
13.033779381798114,77.64420225019626,0
12.910774022883844,77.4632044067174,1
13.003717447977287,77.50664372716507,3
12.805183151170192,77.41578855528908,1
12.889513416106494,77.591038184656,2
12.893931002122088,77.58783533824139,2
13.048687531645458,77.48779318726896,3
12.848235633049104,77.69081266094774,2
12.923183863366525,77.41300664554969,1
12.92145945952064,77.67911700669076,2
13.019252405785467,77.48407123705454,3
12.930602733805452,77.65589078919635,2
12.971697087583838,77.59619316199077,4
12.928709391444814,77.42144438014148,1
13.042006993094269,77.47029664562311,3
12.959706956229358,77.43198918870036,3
13.045085562241704,77.60155412673988,0
12.815166987152208,77.59624458664491,2
12.863757986906394,77.50566438628054,1
13.04869164693942,77.47630898682934,3
12.892767546708775,77.68825047649034,2
13.0850264401045,77.69475388463785,0
12.873627944231616,77.44293927252981,1
12.822133345798738,77.44378626311838,1
12.919268039855048,77.60992036394869,2
12.803735206758494,77.59427903921286,2
13.008371266551588,77.5313637912322,4
12.892788965889912,77.63940579038379,2
13.049434916624216,77.47238077785953,3
12.95054700285141,77.63453804283479,4
12.821252007709212,77.5469599889812,2
12.982203190824686,77.6876802889689,0
12.808346898471916,77.65422421502016,2
13.021439841663566,77.42954353276394,3
12.884018117781508,77.43409868452275,1
12.802110214400203,77.5606591558829,2
13.05388758895252,77.61570730283107,0
12.99948983842804,77.40683421946979,3
12.946563368141325,77.55164054511994,4
12.84359854211333,77.55647788940475,2
13.05803383296796,77.63482914685332,0
12.854675860769133,77.69731102148394,2
13.09138869696657,77.58109926768947,0
12.8660287073772,77.6877659729159,2
13.032677631231108,77.66742980257564,0
12.964793929817738,77.4692607326241,3
12.85682417519131,77.68839719761641,2
12.91928703940754,77.62035842697337,2
13.082533368694577,77.48918524682178,3
12.925907768476211,77.4007444599972,1
12.976582847891564,77.47873564383492,3
12.977231127420565,77.65661204076878,0
12.812543234684252,77.54798785464335,2
12.964211196647229,77.6969296845581,0
12.957812186331742,77.58567481351025,4
13.09892756301217,77.40931387237733,3
12.814757052262264,77.57435488274542,2
12.980348843961574,77.42436209900109,3
13.088009913395371,77.59319295747235,0
12.959621120860271,77.65152181723357,0
12.99454911084288,77.5547706438872,4
13.09070042658297,77.64532306938716,0
12.81067269704825,77.64318343103174,2
12.867254235737,77.61705641122205,2
12.880778563629695,77.44591101912003,1
12.827590690325982,77.62576522137927,2
12.991516756362074,77.59002878597288,4
12.90805570754297,77.43673324826813,1
12.858667358874618,77.45814456719971,1
12.957374239319536,77.47473709994722,3
13.086447928590497,77.41605596317542,3
12.864982192686028,77.5946960446268,2
13.078019193984188,77.57102325252211,0
13.009556340281897,77.53077404564445,4
13.047040886502112,77.55701898956711,4
12.927799139131816,77.46736503673728,1
13.05104510276721,77.46570291639387,3
13.070480463243468,77.65853959785966,0
13.08253801978655,77.61432776467399,0
12.876800330309088,77.67657218498498,2
13.05657857482989,77.57881323671828,0
12.9162397960569,77.53683844516252,4
12.815669896599848,77.61155473026456,2
12.965864861533271,77.43939006568264,3
12.92613834167874,77.58142749239757,4
