datetime,crime_type,latitude,longitude,area
2024-04-28 12:52:48,Robbery,12.916233345526857,77.58790806250656,North Amanda
2023-11-03 18:32:29,Theft,12.867216439493344,77.42934445617884,West Coreymouth
2024-11-21 04:58:53,Robbery,12.897557870580524,77.64420902117143,Yolandaport
2024-08-23 08:55:47,Assault,13.004071368818657,77.55178165193665,Bobbyborough
2023-01-11 14:21:12,Theft,13.085692176042036,77.43434982777971,South Dana
2025-06-21 20:33:58,Burglary,12.997039038077611,77.47031519098135,New Lori
2025-02-11 16:20:44,Robbery,12.85873228305461,77.62123214243651,Lake Kevinberg
2024-02-24 06:23:09,Robbery,13.098006040561641,77.44329077261193,Stephenbury
2025-04-11 02:30:02,Robbery,12.907891905383547,77.50232815458156,Pattersonton
2025-01-23 07:47:57,Fraud,12.837574897929237,77.41518435558739,Jillside
2024-08-20 23:16:00,Robbery,13.067927419357613,77.63693080615947,Sandersstad
2024-07-28 23:19:41,Theft,13.096649497897026,77.60305310540974,Debraside
2024-12-03 10:01:35,Fraud,12.996914941924766,77.45401714224121,Diazburgh
2025-03-06 07:13:14,Burglary,12.82346639332631,77.49882865595234,Lake Austinland
2024-08-20 22:06:44,Burglary,12.959762633103201,77.57913945512676,Adkinsbury
2024-03-08 02:45:29,Theft,12.882123323436382,77.57343071403763,Deborahberg
2025-06-21 03:31:06,Theft,12.84042101643141,77.65497219797139,Port Reneeburgh
2023-03-05 10:58:39,Theft,12.963810766676271,77.4373235882029,Wilsonview
2024-11-07 21:21:04,Fraud,12.819897277764698,77.69387356051833,East David
2023-04-08 14:35:57,Burglary,12.892723704340945,77.62298760369238,Garciafort
2025-08-16 04:05:27,Burglary,13.013308432599569,77.58582914734761,West Alexanderfurt
2023-05-07 05:52:58,Assault,12.908415298995086,77.59000055632625,North Courtney
2023-10-04 17:00:34,Assault,13.058111732038157,77.60583522661378,Weaverfurt
2025-04-17 09:08:55,Fraud,12.921970099108538,77.56821139804511,Lake Tonya
2024-03-25 03:32:59,Robbery,12.93322497853622,77.66194946157917,Lake Phillip
2025-07-18 04:26:59,Robbery,12.808015480525208,77.50023110017635,North Thomas
2024-12-27 01:16:16,Fraud,13.071761362312131,77.6971371359346,Christinamouth
2025-04-22 14:49:17,Theft,13.04186995588506,77.45207480875614,South Andrew
2023-06-04 15:27:05,Assault,12.972506961614188,77.51351844765989,Heatherchester
2025-04-14 15:07:32,Theft,12.889406487386077,77.60994207090631,Craigshire
2023-05-15 15:01:09,Assault,13.071298052721575,77.6819670300733,Ryanberg
2024-03-14 10:05:24,Assault,12.949639923230862,77.64898860289196,Johnsonside
2024-09-13 01:29:23,Assault,13.062055358235035,77.4641084522033,Tylerberg
2025-08-16 03:18:26,Robbery,12.907560550794061,77.62513058524928,North Markmouth
2025-03-14 08:57:56,Assault,13.008433823120818,77.68860396089295,South Michelleton
2025-05-09 01:58:55,Assault,13.035615884025566,77.69990773595872,South Jennifer
2025-05-20 16:24:49,Assault,12.999045057384517,77.53414081207603,West Katherineview
2022-12-30 09:39:47,Assault,12.890369149110784,77.66153792589039,Port Chris
2024-04-03 07:39:42,Assault,13.010712249823877,77.55396368415988,Port Bethside
2025-06-10 17:02:01,Assault,12.947563470278842,77.43211826079464,Deanmouth
2025-04-13 20:26:55,Theft,13.018284168766531,77.47959437522694,Manningville
2023-02-24 07:05:28,Robbery,13.005579127992641,77.61277146728003,North Andrew
2023-06-30 06:27:35,Burglary,13.012101273263463,77.54170493140198,Kevinton
2023-08-07 07:30:07,Fraud,12.945481644596216,77.42485494506806,Jacobtown
2025-07-19 03:45:16,Burglary,13.08332589949804,77.63993909628907,Lake Sean
2024-08-28 21:27:43,Robbery,12.952643205775113,77.54639717131063,South Heather
2025-05-04 05:23:37,Assault,12.957308334678372,77.45047302533244,South Dawn
2022-10-20 06:16:49,Burglary,13.066319772025073,77.57722895785774,North Michaelside
2023-02-27 18:33:25,Robbery,12.966972218896501,77.6987711113192,East Shannonport
2025-02-01 22:38:34,Burglary,12.818500873727269,77.47538225069897,Matthewberg
2023-08-15 09:55:39,Assault,13.081420021535276,77.54553011319506,Joshuastad
2025-07-18 23:12:31,Assault,13.051298613975625,77.66418656210078,South Alexandra
2023-01-08 09:29:05,Robbery,12.917371517098369,77.65225262639346,Rochaberg
2024-04-10 01:10:30,Fraud,12.958800296297808,77.6844579579093,Lindseyborough
2023-03-18 01:52:09,Burglary,12.920943533162648,77.5939013581804,Ianshire
2022-08-28 09:04:15,Robbery,13.074700649377306,77.4238235979586,South Marcus
2023-08-24 23:04:00,Burglary,12.82225708427664,77.57235251668621,Heidiside
2024-11-29 11:53:26,Robbery,12.809255671207913,77.57912874930719,Carpenterton
2025-01-07 13:05:01,Theft,12.971092496943616,77.56370927333725,Port Denise
2023-12-28 21:15:48,Theft,13.01926757925112,77.58687867806708,New Bradleyborough
2025-06-15 18:29:43,Burglary,13.035275204056175,77.44704512675142,West Elizabeth
2024-05-24 14:26:43,Theft,12.810268637474222,77.63608195566334,Hollymouth
2023-12-31 13:57:07,Assault,12.894127984643047,77.6943111380659,West Margaretmouth
2024-02-29 00:20:10,Burglary,13.022995664908718,77.46469907682291,New Patrickmouth
2024-03-26 15:37:31,Theft,12.822674324702671,77.57792800033754,Nicholasfort
2024-07-13 03:31:55,Robbery,13.082810850155244,77.42976713273158,Derrickport
2024-04-19 18:19:19,Burglary,12.958121516404525,77.65565727167112,West Davidtown
2023-02-17 01:19:17,Theft,12.989180600088325,77.69820776495264,Vanessaburgh
2022-08-23 19:19:05,Assault,12.996839736338174,77.6089049930296,East Tony
2024-11-20 14:40:07,Fraud,12.926639456194968,77.65717831840598,Lake Kellimouth
2022-08-25 12:07:48,Burglary,13.061390950037941,77.40865812487544,Mahoneyfort
2024-01-22 05:34:41,Robbery,13.075015707802478,77.46789388618222,New Steven
2023-08-13 01:48:28,Burglary,12.84174742960823,77.69181854540892,East Scottburgh
2022-12-14 19:12:26,Theft,12.880012065656377,77.69144418333569,Freyberg
2025-07-29 12:09:13,Assault,12.99788759282222,77.66077732710286,Leonardtown
2025-05-21 14:50:45,Theft,12.907221110223542,77.46369287476927,Port Robin
2023-11-24 02:19:12,Burglary,12.853010165056695,77.45974419040309,North Johnside
2024-01-29 04:38:16,Theft,12.896160317304028,77.69605979136094,Weberburgh
2025-04-15 15:43:34,Burglary,12.940629167222816,77.59927393595244,Elizabethview
2023-08-03 19:01:18,Theft,13.006198605258987,77.56833042095637,Michaeltown
2023-08-17 16:53:20,Burglary,12.907116266425149,77.64517281070913,South Victoria
2022-11-15 09:58:20,Theft,12.90444524460642,77.64568831507502,Davidtown
2025-04-28 03:40:04,Assault,12.892633310370533,77.54341101286076,Rileyhaven
2024-07-29 02:37:34,Assault,13.054109937539401,77.68910918246787,Rasmussenfort
2025-02-14 11:06:15,Burglary,12.8786004852152,77.50491894317061,Mayview
2025-03-09 03:13:43,Assault,12.809112791259777,77.64736189234848,Port Jeffreymouth
2025-07-10 10:52:49,Robbery,12.823955399449012,77.42074840046438,Woodfort
2025-07-18 16:27:12,Robbery,12.840454138932094,77.65382694259574,Andrewsside
2023-09-01 16:31:19,Theft,13.025041326725317,77.57799757612459,Moraburgh
2023-12-27 00:14:25,Robbery,13.006297146269185,77.56433868773692,New Maryfurt
2024-11-01 03:27:52,Fraud,12.93393586198845,77.55658353840693,Huntstad
2024-03-12 08:35:51,Theft,12.966808281887078,77.40037091868761,Lake David
2023-10-28 15:09:06,Burglary,12.92250502466689,77.60738000176313,Andersonview
2025-05-10 06:07:30,Theft,13.04464023893592,77.41325648999958,Stephenberg
2024-05-11 06:38:45,Assault,12.949169983051041,77.44447884803616,West Jason
2024-05-22 08:53:28,Fraud,12.802478594368331,77.65598420738212,South John
2022-08-22 11:47:50,Burglary,12.864104628818392,77.67837784967223,West Jeffrey
2023-03-25 12:30:47,Assault,13.051625420300633,77.50896452368269,Stevensview
2025-08-04 15:46:54,Assault,12.957101395095926,77.67597884499678,Valdezton
2024-07-19 04:19:32,Assault,12.96769626915981,77.47290290154857,West Robertburgh
2024-07-13 10:23:46,Fraud,12.823254248038817,77.63189904083794,Lake Josephbury
2025-08-04 18:09:53,Assault,12.998619983989514,77.57066303349112,North Benjamin
2024-10-18 06:27:27,Fraud,13.038971552254258,77.65753671231928,West Codyfurt
2024-02-14 17:56:24,Assault,13.015463126038803,77.51903071688129,Meyerville
2025-03-05 02:15:47,Burglary,13.055752610264607,77.53107761031501,East Michelleborough
2024-06-19 18:05:04,Assault,13.021162235811412,77.43991514772843,West Jessestad
2025-07-18 00:15:04,Fraud,12.934397640643853,77.59755206012058,Frankbury
2025-08-10 09:41:21,Assault,12.982869078054813,77.40838702748069,West Coreyfort
2022-11-07 06:11:17,Assault,13.075864526719434,77.62628158660846,New Robert
2024-08-18 10:59:00,Robbery,12.921745746868906,77.50357452904372,Lake Gregorychester
2022-09-20 00:55:45,Burglary,12.92582355714682,77.64799567783938,North William
2022-11-11 22:12:45,Burglary,13.06937582116104,77.49463139362999,Michaelport
2024-08-12 05:00:06,Assault,12.943795496388388,77.49519314926104,New Neilville
2025-02-12 00:13:54,Robbery,12.869504699185786,77.65199355482262,Julieport
2024-04-24 10:17:04,Theft,13.026528394186979,77.64142806459083,Donnafort
2022-12-04 12:04:04,Assault,12.963168623046696,77.52971341169876,Lake Melanie
2025-01-04 10:25:26,Burglary,13.087865213978572,77.64882903391444,North Gabrielle
2024-12-01 13:03:26,Robbery,12.987525250991135,77.46886945937821,Andrewfort
2022-11-05 23:35:33,Fraud,12.809202455180666,77.5800530841173,Maryville
2024-12-04 18:26:27,Assault,12.950174251051296,77.41481863688142,Scottport
2025-06-06 21:39:53,Robbery,13.004957431831496,77.47771749715258,Lake Richard
2024-03-04 09:06:10,Theft,13.034891197847776,77.66787670004881,Lake Elizabethtown
2023-02-23 00:29:27,Fraud,12.972915352709542,77.55827503138703,North Paulborough
2023-06-03 20:54:43,Robbery,13.089488751192832,77.54776024341005,East Sonya
2024-09-25 17:25:08,Robbery,12.976890837872599,77.4985376579214,Amybury
2022-09-23 04:57:38,Assault,12.994647294373035,77.60966509505101,Jamesbury
2023-12-02 02:16:17,Assault,13.008456780997045,77.6229717345358,Lindashire
2025-02-15 09:58:04,Assault,12.882456294693839,77.54434738568632,Jamesfort
2025-02-13 12:34:53,Burglary,13.044050228652257,77.52090851061628,West Dannymouth
2024-07-15 13:10:35,Robbery,12.87957853339175,77.48701389608365,Riosmouth
2024-09-18 06:35:36,Fraud,13.08480785826641,77.60768747164165,West Heidi
2024-08-20 14:31:08,Robbery,12.826582521722276,77.66980783910107,East Scottberg
2024-10-10 12:00:48,Burglary,12.846067970411152,77.58647483345229,New Selena
2023-10-17 06:45:07,Assault,12.971779366666478,77.52690181436677,West Ann
2022-08-30 20:53:32,Fraud,13.012665127399798,77.65437770793247,South Kimberly
2025-02-19 10:53:20,Robbery,12.824545066735638,77.67422824855306,Robinsonmouth
2022-09-20 10:07:14,Burglary,12.880232161555643,77.46519606298472,Jessicaview
2023-04-19 18:57:13,Fraud,12.923534890773121,77.43812685532046,New Michaelmouth
2024-02-04 14:41:26,Fraud,12.807708335527783,77.64762361899031,North Tammyburgh
2023-09-17 15:46:45,Theft,12.95979138702035,77.62786931138206,Lake Jamesburgh
2025-03-21 22:34:55,Robbery,12.83353514116948,77.56109510366815,Nashstad
2023-03-29 16:49:33,Theft,12.839074655800331,77.43593467566438,West Gregoryfort
2023-11-11 14:44:33,Burglary,13.086393907326869,77.48144163681741,North Michael
2025-06-11 19:58:16,Robbery,12.879330767131453,77.44271066518317,Gregorybury
2025-08-11 21:19:38,Robbery,13.001492024672855,77.55372804067491,Christophermouth
2025-02-08 20:30:48,Fraud,12.977663105855582,77.55299845309368,Lake Deniseshire
2023-08-09 20:20:11,Theft,12.86002489571727,77.4920037853042,South Devinville
2022-09-07 18:14:10,Burglary,12.876693975084011,77.43508432324937,South Mark
2024-03-05 09:41:33,Robbery,12.853884934077138,77.63916119521424,New Janetfurt
2024-09-24 07:16:44,Robbery,13.036428446840159,77.49808273682208,Reyesbury
2023-11-06 20:17:24,Robbery,12.949772795062641,77.52620960291688,Lake Darrenfort
2025-05-07 05:07:24,Assault,13.074210848085544,77.65619464255641,Stevenbury
2024-08-13 05:20:31,Assault,12.995998768920044,77.65150496256324,West Dawnborough
2023-07-16 00:18:24,Assault,12.845584879806156,77.56538919344723,North Christopher
2024-12-25 22:45:58,Burglary,13.039401479148802,77.47478446341817,Port Kellystad
2023-06-08 16:35:32,Robbery,12.991312456802811,77.44320337159053,North Erikside
2025-03-24 16:42:31,Fraud,12.916756698627843,77.46166325233723,West Shawn
2022-09-14 05:31:34,Assault,12.86298811491866,77.60260948913346,Hernandezview
2023-01-08 02:33:10,Burglary,12.99727416672544,77.6859290455097,West Karaville
2024-11-11 14:39:32,Fraud,13.047890938808784,77.40143944241052,West Tonychester
2023-02-02 04:46:10,Burglary,13.003458021481041,77.45963732948891,North Gregory
2022-12-03 06:12:03,Robbery,13.028697001922705,77.47666021519031,Port Maryhaven
2024-05-01 03:40:39,Burglary,12.949594011018094,77.67043287146184,New Jose
2023-07-13 04:48:44,Fraud,13.061892417874995,77.63429116112388,South Nicholas
2022-09-12 07:14:40,Robbery,13.060113920825724,77.5993317568549,Lake Stevestad
2023-03-23 17:37:58,Theft,12.827050452713975,77.5369490502728,Michaelhaven
2025-03-02 23:00:26,Robbery,12.987989160550633,77.61453276395333,Katherinemouth
2023-04-12 05:02:57,Theft,13.021031521559326,77.5676267621881,Georgeberg
2025-05-18 21:57:06,Assault,13.077901619275389,77.47735227800594,West Kennethton
2025-06-26 14:23:53,Fraud,13.051537204257448,77.56623994535421,Port Jennifer
2024-06-04 09:23:12,Fraud,12.991389565253195,77.6145368180075,South Abigail
2024-09-02 02:41:24,Fraud,13.08145752587118,77.63295818351244,North Vanessaville
2023-10-19 04:31:06,Theft,13.002094967821273,77.59424648777636,Lake Angela
2023-08-08 01:42:48,Robbery,12.965554732377523,77.5152299016361,North Devon
2025-07-10 19:02:47,Assault,12.8738640526241,77.48162587676133,Courtneyborough
2022-09-13 04:07:16,Assault,12.909786335971503,77.59376347890972,New Corey
2022-11-19 11:37:55,Fraud,12.839988258150555,77.52009784439362,Daniellemouth
2023-05-07 12:01:27,Burglary,12.830461697221445,77.45800292360695,Rogersmouth
2024-06-05 03:36:07,Robbery,13.002677898573891,77.66725490275662,Shanemouth
2023-07-28 06:48:05,Assault,13.00447073309614,77.57897128612372,Ginachester
2024-09-03 12:33:03,Assault,12.919850935219705,77.44117917306318,Jasontown
2022-11-29 09:07:12,Fraud,12.904467818154266,77.56659727383727,Port Michael
2023-10-05 11:40:28,Assault,12.824762707583705,77.54088172887135,Port Monicaside
2025-03-06 22:57:49,Fraud,12.946523472794041,77.51736109077058,Ballport
2025-05-26 13:22:58,Robbery,12.939432034967957,77.60211227392077,South Sheila
2023-06-24 14:03:32,Assault,13.003268698183009,77.66776388668842,South Kimberlymouth
2025-02-26 04:12:18,Theft,13.093776155773078,77.69801828720432,New Virginiaville
2022-11-28 05:46:43,Burglary,12.957020743182776,77.40395174796821,Mosesport
2025-01-31 15:03:17,Assault,12.918611976300276,77.61005590244396,Fletcherfurt
2024-11-29 21:53:55,Burglary,12.837738506679022,77.6756226251398,Lake Brandon
2024-05-26 00:58:18,Assault,12.955647262025362,77.43529466735,New Allen
2022-12-26 16:48:27,Fraud,13.062341002337352,77.5248791866872,Velazquezstad
2025-07-17 05:13:25,Assault,12.823963303789878,77.62939820859066,New Barbara
2025-04-21 04:38:40,Robbery,13.06443409817733,77.63178866346297,West Danielle
2024-01-15 08:13:40,Theft,12.88285871331497,77.40510170752816,North Carla
2024-09-29 13:38:38,Robbery,12.990998567518451,77.44740785092328,North Bryanmouth
2023-12-17 03:42:18,Theft,12.897248697024652,77.68056545545652,Williamsonton
2022-11-20 18:04:33,Theft,13.003823783164805,77.68101654468609,New Shanestad
2022-12-19 08:22:06,Robbery,13.08057190716127,77.53556509807443,North Susan
2024-02-20 22:31:26,Fraud,12.981395382113686,77.57748758680037,Port Tonyshire
2022-08-21 12:59:03,Assault,12.918773565823306,77.41888496173641,North Mark
2024-08-05 20:57:59,Robbery,13.033837711834524,77.43624399919132,West Tina
2024-05-07 09:32:35,Fraud,12.861957750696767,77.5637987179268,West Kevinhaven
2024-04-19 17:39:20,Theft,12.866419534426221,77.45983719016535,South Cynthiaberg
2023-12-06 12:23:29,Robbery,12.815004739965964,77.68296648851262,New Anthonyshire
2023-12-10 18:36:58,Fraud,13.058097501235746,77.55596826109358,Lake Christopher
2022-10-16 05:36:18,Assault,12.942781043140934,77.58370962870504,Alisonland
2023-08-29 05:08:28,Robbery,12.906263539647359,77.41615911477076,Bethanyfurt
2023-04-26 22:37:51,Assault,12.854120266190096,77.60052016677545,New Stephanie
2023-02-25 13:32:43,Robbery,12.914427330716375,77.49111694732471,South Anna
2024-11-11 12:24:31,Theft,12.95679379929015,77.49804085454139,Lake Tracy
2024-01-16 05:20:29,Fraud,12.862642607757753,77.46842434291729,Bentleyberg
2023-09-02 20:46:18,Assault,12.874971359835024,77.61485737191529,Greenton
2022-11-26 23:52:33,Fraud,13.075029541802644,77.40942240756482,Jonathanview
2024-10-22 08:02:35,Assault,12.953657311651265,77.48100116545943,New Jasmine
2024-07-05 06:05:12,Robbery,12.83422233883753,77.69338302098308,Webstermouth
2024-09-06 07:42:34,Assault,13.087280578579747,77.46186566408808,South Melissachester
2023-12-28 14:58:32,Fraud,12.95535846373833,77.66258295194602,Port Kevin
2024-11-07 11:28:28,Fraud,13.083967743897315,77.43570079463345,Port Jenniferberg
2023-04-08 16:47:08,Burglary,12.8814490724454,77.58333967794582,Tylerchester
2025-05-23 21:19:16,Robbery,12.976292348645893,77.52996382131475,Danielstad
2024-01-19 00:53:20,Robbery,12.90276660999452,77.52136667825465,Phillipsburgh
2022-09-23 03:08:20,Robbery,12.884062660741707,77.62649460976651,Rosetown
2025-02-12 09:25:48,Theft,13.015533979144635,77.60113457557688,Jeremyside
2024-05-28 15:38:57,Robbery,12.867597619887048,77.52650478548597,South Lauraton
2023-03-29 12:28:35,Theft,12.850565832884646,77.46346115558566,New Patrick
2025-07-09 01:22:08,Fraud,13.087894962343894,77.63877416956414,Ethanview
2025-01-24 07:02:29,Fraud,13.008621287110326,77.4521819508875,Port April
2025-03-29 00:05:01,Theft,13.0359235579009,77.560036989953,North Mary
2023-06-25 02:13:10,Theft,12.904377562212138,77.40946934887002,Cunninghammouth
2024-06-09 06:10:06,Fraud,13.054484759560621,77.45063776436403,Yorkmouth
2023-12-11 03:03:37,Burglary,12.887966148849873,77.55545160120462,South Brentland
2023-04-28 20:40:42,Fraud,12.82624551149794,77.68910883304395,Ericmouth
2022-10-16 13:00:06,Robbery,12.915423430189305,77.50509803172953,New Katherine
2022-12-02 05:08:58,Burglary,13.077419513403473,77.60178462322142,Sabrinafort
2024-02-02 01:02:09,Theft,12.907452260019824,77.41580320890753,New Alisontown
2024-09-16 18:18:32,Theft,12.95865301720085,77.56192673427728,Port Kelly
2023-09-23 20:17:17,Theft,12.949218747422595,77.66720254086813,Elizabethview
2024-04-15 08:56:59,Assault,12.937770328317612,77.61278383886956,East Nicholas
2025-06-22 18:46:40,Assault,13.031819439012587,77.49246605576165,Lake Connie
2025-03-29 00:21:19,Burglary,13.05113787090245,77.41675616584907,Bellland
2022-09-20 12:38:24,Robbery,13.094540152892177,77.56350346898522,New Emily
2023-05-29 23:03:48,Burglary,12.820718443592174,77.54168307275499,Tonystad
2024-03-18 09:52:16,Burglary,12.89558600415452,77.63262051725053,Hoganland
2023-11-16 19:49:45,Burglary,12.835831545895228,77.52602917212596,Port Michael
2025-07-29 05:50:08,Assault,12.82786621179762,77.5361489867706,Sherristad
2025-02-06 19:26:29,Theft,12.901846519418875,77.42594036071277,Simsview
2023-08-25 20:22:30,Fraud,12.826720840516842,77.51373198357143,Karenchester
2024-02-10 14:27:41,Robbery,12.959109619064128,77.59538624389286,Xavierview
2023-04-07 13:41:14,Fraud,12.937919478559795,77.64406484978402,New Kevinbury
2024-03-22 16:40:13,Robbery,12.831540262418473,77.55067059112898,Shellyborough
2024-12-22 15:37:17,Assault,12.985907573485724,77.4164713975304,Annchester
2024-05-15 18:10:56,Theft,12.971261919199096,77.55852550639595,West Kathleenfort
2025-06-11 12:59:50,Fraud,13.088377191428052,77.56087842383904,South Michaelmouth
2023-11-18 03:56:27,Fraud,12.970470362549703,77.57289930710581,Carlaland
2022-09-13 06:11:24,Theft,12.951134023423004,77.62208099101076,Mooreview
2024-04-27 20:44:02,Burglary,13.001918579286691,77.6470207616422,South Sarah
2022-09-30 05:41:19,Theft,13.026490118883652,77.68746645130038,Michaelmouth
2023-11-02 15:35:42,Fraud,12.832642108273323,77.63062385613901,North Judyshire
2025-02-25 03:46:35,Fraud,12.86699311405469,77.48561582016654,Lewischester
2023-06-22 04:46:15,Assault,12.818754665769905,77.60422697711846,Bakerburgh
2024-06-27 16:11:47,Fraud,13.0068002398617,77.60480410538563,Christinatown
2022-10-28 21:38:51,Robbery,12.823612584793377,77.45782200893808,East Charlesport
2023-08-21 12:33:10,Burglary,12.961405305473125,77.62711329628706,North Casey
2023-07-25 15:46:18,Theft,13.092424044569926,77.58697404272402,Blevinsview
2025-05-25 15:48:45,Fraud,13.00187175795075,77.66048419738328,Lake John
2025-06-18 07:47:34,Robbery,12.914798958160027,77.60121649106674,Christinamouth
2025-04-07 10:42:05,Fraud,13.03804274677579,77.43827457371025,Jonesmouth
2024-11-06 04:09:34,Burglary,13.042815174456013,77.49370845161461,West Erikstad
2025-08-09 01:47:36,Assault,12.897014118160426,77.43703303377964,East Matthew
2024-07-22 00:57:40,Robbery,13.01947082969256,77.47877681513278,West Lindahaven
2022-12-31 03:09:26,Robbery,12.963719336306033,77.60935551054006,Markstad
2025-03-03 00:57:59,Theft,12.960362884269276,77.60350323074674,Gilbertbury
2025-01-28 16:56:51,Assault,12.96923823611209,77.5869423409398,South Jamesside
2025-07-30 05:52:57,Theft,13.004631195608791,77.68830531834375,Port Lindsay
2023-11-06 06:25:33,Assault,12.872894176644442,77.6323440916599,Joseton
2024-06-13 09:55:30,Burglary,12.935588646219278,77.43415614936914,Josephfort
2024-02-10 11:55:11,Assault,12.883626011867849,77.53264486524743,Duncanfurt
2023-12-18 08:21:20,Fraud,12.990742679707765,77.60529697728265,Nunezbury
2025-04-15 14:31:02,Fraud,13.083890914751372,77.59322148788381,Aaronstad
2025-08-01 08:24:39,Burglary,13.023298594131703,77.40123114360206,Hodgeburgh
2023-03-05 08:51:25,Assault,12.88811057486719,77.56885187768015,Tuckerport
2022-10-19 15:38:13,Burglary,12.823835904140157,77.65218737295014,South Timothyton
2023-12-07 15:32:55,Robbery,12.98674231214305,77.57318665186564,Longborough
2023-10-13 04:12:18,Fraud,12.960513687796428,77.4507743696942,South Markhaven
2024-12-28 00:42:37,Burglary,13.053001056193558,77.62242098167606,Port Christopherton
2025-04-26 16:55:29,Fraud,12.945242875942904,77.66942940275888,North Samuel
2025-01-26 00:06:47,Robbery,13.083658184595404,77.65331151689375,South Debbieshire
2023-03-29 00:55:16,Theft,12.941792997163352,77.51768322676492,Karenmouth
2023-12-22 06:33:10,Assault,12.960818470187917,77.47824808296456,West Daniel
2023-09-18 01:41:53,Fraud,13.020757489012627,77.6063103479756,West Kyleberg
2024-01-22 17:45:14,Robbery,12.976593501673342,77.43829006341066,Williamschester
2024-04-08 14:44:06,Assault,13.084636444454166,77.4372989049569,North Jessicaburgh
2023-03-25 12:09:44,Theft,13.059935541026451,77.63566159064862,Smithbury
2022-11-25 00:15:41,Theft,12.919062184824261,77.69594570959643,Murphyburgh
2023-08-25 09:47:37,Fraud,12.905056295424872,77.4744272205468,Fowlerberg
2023-10-15 03:17:27,Robbery,12.93856016219092,77.41877899926224,West Jeanton
2023-12-18 16:33:28,Fraud,12.942577478972863,77.59248866132384,Bradyville
2024-02-23 23:06:54,Robbery,13.042373091363881,77.62914956274581,North Tonyachester
2024-08-25 09:16:53,Theft,12.836830801411011,77.5678866409108,Joshuaville
2025-07-23 02:39:00,Robbery,12.898178757326969,77.6947260271517,East Michael
2024-04-06 20:23:53,Robbery,12.903791315074715,77.58048001654832,Kathrynchester
2023-07-25 09:17:11,Theft,13.018330642260945,77.67663054264789,Howardstad
2023-06-28 21:10:17,Burglary,12.922195016170585,77.67814012386197,Stephenland
2022-10-21 09:45:24,Assault,12.86838184176261,77.60443487776315,South Annaton
2024-12-20 06:52:11,Robbery,13.060716134130207,77.67509393400572,North Marisa
2025-04-20 09:15:52,Burglary,12.800011465682042,77.42868021052287,Kirkland
2022-09-02 00:33:59,Robbery,13.002399028859358,77.5327287523862,Suarezstad
2023-12-09 05:44:26,Assault,12.969262987129854,77.40569211080911,Nguyenmouth
2022-10-08 10:16:56,Burglary,12.850363368298227,77.67028102036029,Lake Raymond
2024-07-29 19:17:35,Assault,12.905742469709564,77.46925847370846,Russellberg
2023-09-15 15:07:22,Theft,13.07237190891584,77.65264834198581,Freemanberg
2024-04-19 11:23:16,Theft,12.944608454027637,77.47667148486765,Brendaville
2025-04-30 07:31:34,Theft,12.835334927308653,77.49152966384611,North Dylanmouth
2023-01-18 22:03:25,Robbery,12.825451592713753,77.50052318905459,Hernandezview
2025-03-05 02:24:41,Robbery,12.970641990912718,77.4590543549873,Jamesstad
2025-04-30 15:15:20,Robbery,13.082927095106633,77.47829403560917,Herrerachester
2024-07-31 02:45:23,Assault,12.836188397590266,77.6521002280905,Thomasmouth
2024-11-06 13:32:52,Theft,13.036117571199965,77.67193427979353,East Danielstad
2023-11-07 22:03:26,Burglary,12.981735461835772,77.64873310353134,Feliciaport
2024-03-19 12:34:23,Burglary,12.837054304822168,77.43362708822791,West Jacqueline
2025-06-14 07:32:03,Robbery,13.089355202228338,77.50877089349635,Port Sharonbury
2022-08-17 22:17:10,Burglary,12.869907006839414,77.62840029270481,North Elizabethville
2025-08-04 13:39:47,Burglary,12.94181805759611,77.59073284550429,Branchborough
2024-01-06 22:14:37,Fraud,12.854151810458552,77.61933633050172,North Juliehaven
2023-01-04 12:25:31,Assault,13.092585703695368,77.50970557425785,Mcdowellbury
2023-04-28 12:29:04,Burglary,12.853572170703938,77.50198696410662,North Kevin
2023-04-30 23:18:52,Theft,12.874497060308586,77.64360137788813,East Elijahchester
2023-09-16 09:50:35,Fraud,13.042365162478394,77.51022220034436,New Anthonyberg
2023-11-15 09:33:03,Fraud,12.81038919080261,77.61097371385353,Gilesshire
2024-01-04 10:46:42,Burglary,12.876620049641339,77.50527721893089,East Rachel
2023-08-10 01:20:07,Burglary,12.820811063750925,77.64066688470638,North Sean
2024-01-26 09:28:43,Burglary,13.021977410048898,77.47402289835561,Jesseburgh
2023-05-15 13:22:25,Burglary,13.02188303327652,77.53672603001974,Delgadochester
2023-09-19 04:12:50,Robbery,13.01265757056608,77.59593646501718,Abigailland
2025-03-11 04:48:07,Fraud,13.029972848265714,77.48460163400905,North Victoriatown
2025-06-19 05:36:50,Assault,12.946704739721476,77.51419279068456,New Johnberg
2023-02-09 09:33:01,Robbery,13.010772882393098,77.44853083333359,Rachelton
2023-01-21 18:58:56,Robbery,12.858520464060453,77.64752161141925,New Richardburgh
2024-09-03 02:58:36,Theft,12.893939850642887,77.46510891691219,Jamesville
2023-03-10 05:12:15,Theft,12.9028700839856,77.57671804358905,Christineton
2023-01-29 06:39:28,Assault,12.89052194512483,77.46007653195574,Lake Dominic
2025-01-24 06:14:06,Robbery,12.895592401677318,77.45756811486787,Loganside
2022-09-27 13:32:54,Burglary,12.863615842393152,77.47194136078248,Contrerashaven
2024-12-07 14:53:20,Theft,12.964135065481816,77.44874163085608,Tracymouth
2023-02-26 18:46:21,Robbery,13.041296597553773,77.44899831997662,New Christopherside
2022-12-29 07:19:17,Assault,12.965284007339461,77.69468661915225,South Kenneth
2024-07-03 15:27:31,Burglary,13.010730853812582,77.40061925035774,Port Ashleymouth
2023-09-02 23:02:06,Fraud,12.800037832465566,77.696103267028,New Gabrielle
2023-04-26 03:56:28,Robbery,12.900502823322466,77.44492565764563,Robertbury
2025-05-31 17:05:28,Theft,13.065797549420195,77.59316631067655,Melissachester
2025-03-17 10:35:24,Robbery,12.931328143216898,77.50294316168151,West Darlene
2023-05-01 11:04:15,Burglary,12.88102394442105,77.54419147761352,Wendyview
2024-06-08 18:42:02,Fraud,12.859129715555587,77.67772118801017,Leonardberg
2024-07-21 13:47:56,Robbery,12.86020563020808,77.55401965819586,Gomezfurt
2023-05-02 19:53:40,Fraud,12.912521332841814,77.5755718836741,West Charlesside
2024-01-03 00:28:20,Fraud,12.866964623307148,77.67331440670824,Tanyaton
2024-05-13 21:30:23,Theft,12.961583989201639,77.52889726919523,Ryanmouth
2023-12-06 23:18:31,Robbery,13.09939511436191,77.50375322758774,East Rachelside
2023-01-21 10:14:35,Theft,13.014293153163832,77.57387253308512,Joannborough
2022-08-31 02:19:55,Burglary,12.816155727024828,77.4713338597623,North Ian
2023-07-09 20:57:49,Fraud,13.04039486952915,77.54343415031082,Duranstad
2025-06-22 22:43:25,Theft,12.966021002164814,77.61401631463974,Port Robert
2023-08-28 23:11:37,Burglary,13.086551753257337,77.58523529925468,Taylorshire
2023-01-11 04:55:22,Assault,13.048488387274897,77.6941671834878,Jaimeville
2023-02-18 14:25:20,Burglary,13.038537796863517,77.64312495843808,Justinshire
2024-02-15 00:41:36,Assault,12.833038124284117,77.65085197531879,East Logan
2025-02-14 13:50:16,Assault,13.064648574221524,77.54371634655902,Michaelview
2023-11-10 15:30:46,Assault,13.017962054577106,77.42153504520734,Port Abigail
2025-01-20 19:28:03,Fraud,12.896560932642572,77.60634068128333,Dustinfort
2024-03-07 20:06:19,Theft,12.944946623950413,77.43069493476986,Richardburgh
2024-06-10 10:26:29,Assault,12.81053927086208,77.68588863189227,Wilsonton
2024-04-15 21:25:24,Robbery,13.003478802006795,77.40390572196486,Nicolemouth
2024-07-22 02:53:32,Burglary,13.052423503094904,77.68338163743411,Clarkton
2024-04-10 10:11:25,Theft,12.9424885360019,77.68832734410972,Mclaughlinborough
2023-05-20 09:35:32,Burglary,12.868205264003734,77.53556310596231,Patrickchester
2024-08-09 23:55:38,Burglary,13.06292348444922,77.61101461447743,Deannaport
2025-05-17 14:10:29,Robbery,12.890234973671571,77.64325805254302,Mcclureton
2023-05-22 04:45:54,Fraud,13.005724267891628,77.44174350004869,Port Zacharychester
2024-12-25 05:23:36,Fraud,12.831804612232263,77.46127854076785,North Lori
2023-09-02 09:40:59,Theft,12.821364129647206,77.47220045195338,West Patrickchester
2023-11-02 22:03:31,Theft,12.963806955881415,77.52601185135556,Williamfurt
2023-01-11 12:07:58,Burglary,12.842329593950618,77.4879820904803,Burnshaven
2025-01-05 03:47:45,Fraud,12.804425277733277,77.5749178787536,Jimenezmouth
2025-02-28 09:37:06,Burglary,12.975614131885875,77.69143428057018,Port Keith
2023-05-03 18:00:19,Theft,13.059889892678365,77.59505327536709,Ricardoville
2024-11-17 10:43:36,Burglary,12.896429809045898,77.40476414053894,Whiteview
2025-05-19 11:45:41,Fraud,12.97954703912595,77.48158851895015,Wagnerberg
2025-07-15 19:47:48,Fraud,12.838739221809481,77.57319391879682,Higginsburgh
2024-03-16 09:33:36,Assault,12.925334650650482,77.64799213716553,West Ralph
2023-05-16 17:36:37,Burglary,12.867493122286806,77.60470180115401,Crystalburgh
2024-03-25 17:47:21,Assault,12.973215493547288,77.44710481943635,Alvarezbury
2023-09-14 22:09:42,Assault,13.049552683191477,77.57267731581503,Brittneymouth
2023-01-25 08:03:40,Fraud,13.048177200075811,77.64647604264665,Lindseyburgh
2025-06-21 06:14:46,Fraud,13.037461238045491,77.4837414173623,Evansstad
2023-01-17 01:35:47,Robbery,13.023162371094068,77.6622996073184,Port Carlos
2023-08-09 02:09:27,Fraud,13.049871534359403,77.40010462834461,Port Veronica
2022-12-13 04:34:29,Burglary,12.968480734982176,77.69262227765384,Rodriguezfort
2025-02-22 14:49:48,Fraud,12.90917027788053,77.45198031834128,Kristenbury
2023-12-20 00:20:05,Assault,12.96804178809379,77.6379847417814,Smithport
2024-09-09 01:50:47,Robbery,12.892713332589746,77.6153956944704,Younghaven
2023-03-02 09:24:21,Fraud,13.012544213183132,77.41587553931215,South Laura
2025-07-04 12:26:53,Fraud,13.003556729102351,77.63819081157204,Halltown
2023-02-27 20:01:53,Burglary,12.902749481021504,77.49979795263683,Calvinhaven
2025-05-11 05:15:35,Fraud,12.934822189820073,77.43584897167334,West Kathryn
2023-08-27 03:15:10,Robbery,12.901572082631732,77.6113053381189,South Philliphaven
2024-09-12 13:19:06,Robbery,13.081974205004402,77.62006769572044,Port Peggy
2024-10-29 01:13:35,Theft,13.031292344970241,77.46887558221043,Amystad
2024-10-13 02:12:34,Theft,12.920852849770242,77.40246182769049,South Eric
2025-02-09 07:59:59,Robbery,13.001668144946931,77.572723002082,Jennamouth
2024-01-13 16:25:20,Burglary,12.956678676266172,77.60443660074739,Lake Adam
2025-05-31 01:27:56,Assault,12.907889822002224,77.60309432650672,Richardsontown
2024-07-26 05:06:19,Theft,13.014480951149665,77.64130741323306,Deanborough
2024-09-29 06:30:37,Burglary,13.020858086374785,77.6224168994426,New Jefferybury
2023-10-07 19:04:48,Fraud,13.080862914891615,77.48467934795906,Crawfordhaven
2023-08-29 14:04:04,Fraud,12.849200208356212,77.42782395602849,Colleenton
2022-09-30 23:40:19,Burglary,13.069710899022473,77.49852942327134,New Danielborough
2024-11-27 15:18:54,Burglary,13.026679701311616,77.40735007780819,Robertborough
2024-07-16 08:24:02,Burglary,12.9894730676604,77.6326222543128,North Sarah
2022-10-02 22:46:52,Burglary,13.00430861125084,77.57364735701212,North Jacquelinemouth
2024-10-30 19:13:34,Robbery,13.014501558047552,77.4543854044542,New Charles
2025-01-04 22:42:55,Burglary,12.915273056352415,77.45260842348944,North Justin
2024-04-26 17:18:50,Burglary,12.870530719854337,77.62598583781487,East Randyberg
2024-03-11 23:09:32,Robbery,12.822047173144924,77.40905473758913,Boydburgh
2023-01-02 19:15:49,Burglary,12.945610612680506,77.6705009799275,Port Katherineville
2023-06-04 10:40:42,Fraud,12.946436297285194,77.56268986612434,Jorgebury
2022-11-14 21:58:01,Robbery,13.086584162997303,77.55450783327476,Wuburgh
2023-10-23 15:27:17,Robbery,13.038655591249736,77.67755546552381,Jacobfort
2025-02-10 19:08:51,Assault,12.855094805475314,77.49763753128732,North Rosetown
2023-12-22 02:08:29,Fraud,12.963309892056177,77.68455772430768,Rileyport
2025-05-29 21:23:23,Robbery,12.961054340911913,77.65845083530984,Yuland
2022-11-19 10:04:06,Robbery,12.93964783671189,77.42170483068232,Port Russell
2024-09-09 13:56:44,Assault,12.920834859203211,77.56705724504283,Millston
2025-07-15 01:47:01,Assault,12.80002117104544,77.65092940583753,Dianemouth
2023-02-23 06:33:57,Theft,13.02727478526234,77.43005696537615,North Mikestad
2025-03-05 03:20:24,Theft,12.805310189312548,77.54989659915223,Jennaport
2024-07-17 01:57:17,Assault,13.034156214679689,77.54595908839705,Port Michellehaven
2023-02-11 12:17:59,Theft,12.93159108575281,77.59728572354933,North Alanberg
2023-03-20 07:35:14,Burglary,12.80126626414491,77.63875198863254,Kristinefort
2025-08-16 07:54:33,Fraud,12.864377568998945,77.4001118961474,Shepherdhaven
2024-05-31 22:54:21,Fraud,12.847456440656064,77.58851339522523,Johnburgh
2024-01-16 01:21:37,Fraud,12.974553444495434,77.69907562096957,Williamsbury
2023-08-17 02:51:00,Burglary,12.860080683607316,77.54775791112851,Mcmahonville
2024-09-22 00:29:51,Theft,12.872556201626178,77.4137416220647,Mariachester
2024-05-01 22:17:54,Robbery,12.972650135822574,77.6007124225444,New Zacharyland
2024-01-26 23:07:25,Fraud,13.000453156124244,77.5987833678734,Morgantown
2022-09-22 17:11:30,Fraud,12.974952324917544,77.64153695078117,New Vicki
2022-12-01 21:39:33,Assault,13.023961138522258,77.45104211754722,East Tracyfurt
2023-12-25 17:17:24,Fraud,12.901310463391097,77.67052709835933,Stewartshire
2022-10-23 23:16:17,Robbery,12.829181964780082,77.52043556163336,Port Diana
2024-05-01 05:14:22,Fraud,12.986542839487113,77.42580536737503,Hansonfurt
2024-01-11 22:06:43,Fraud,12.87478857865288,77.51585890773036,Kevinbury
2025-07-23 05:18:55,Assault,13.063729690861823,77.60477287654129,South Davidhaven
2024-06-23 23:07:59,Theft,13.097625631993985,77.5655524948499,Shelbyland
2024-06-09 07:39:05,Assault,12.964604510985277,77.59861427051905,South Penny
2024-03-24 03:51:29,Fraud,12.815657789735765,77.44421136020209,Roseberg
2024-12-15 11:12:54,Theft,13.093265091815198,77.59603130761145,Alexanderton
2023-05-26 12:08:26,Theft,13.021226931135518,77.5849594747861,Port Johnville
2023-06-20 16:50:52,Robbery,12.987796852285975,77.41032439915531,Port Aliciaburgh
2024-11-18 14:08:21,Assault,12.910432605507392,77.55043308221451,Phelpsview
2025-08-04 11:36:55,Theft,12.817109423165643,77.56965328590759,Allenshire
2024-09-08 01:18:59,Fraud,12.957051143975193,77.56850270017574,East Jose
2023-10-12 17:08:45,Assault,12.862834478533129,77.57775573033878,South Michellemouth
2024-11-27 17:23:31,Burglary,13.062717027151974,77.46377201585918,Burnettborough
2023-06-24 21:53:02,Fraud,12.970234099913402,77.64035565189519,Avilastad
2024-09-27 10:10:58,Robbery,13.04872088178789,77.45209133953122,Lake Brianaside
2023-09-13 13:51:30,Burglary,12.921520274799118,77.60096088094754,Lake David
2025-07-17 09:38:01,Theft,12.989609208054503,77.45990892388058,East Lisaland
2024-06-24 00:41:50,Fraud,12.894326450480301,77.58613320918859,South Amymouth
2025-01-08 12:14:44,Robbery,13.01776625169319,77.4076104418179,Sherrybury
2025-03-06 21:58:19,Burglary,13.025515478171899,77.63326131347239,Rollinston
2022-12-21 03:01:11,Assault,12.9545527270479,77.57805284720922,Duncanland
2024-08-07 07:42:40,Robbery,13.007195458631472,77.65123791695392,Georgestad
2023-10-09 12:28:49,Burglary,13.066911160991852,77.56803717207657,Juliaburgh
2023-05-28 11:14:20,Assault,13.047746665488738,77.44952471481426,North Derek
2022-12-13 12:02:50,Assault,12.982604759918646,77.52019745613957,Crystalview
2025-06-10 08:44:09,Robbery,13.016585357691548,77.401731690732,Baileyhaven
2023-04-19 08:49:25,Theft,12.981889817961482,77.45615643917465,New Rebecca
2025-01-22 05:35:41,Fraud,13.05524108367718,77.49695793060786,Alexmouth
2024-12-17 05:04:29,Robbery,12.974559210019954,77.59159990888298,Marthatown
2025-02-06 22:29:57,Theft,12.848433545006106,77.63218496849774,Camerontown
2024-06-18 13:24:44,Burglary,12.824080603836098,77.48765740397957,Kochmouth
2024-07-07 06:55:10,Theft,12.859985838410903,77.66120817437745,Fernandofort
2022-08-20 16:06:28,Theft,12.811631842850478,77.50595863514725,Taylorhaven
2025-02-22 21:25:41,Theft,13.083080609121025,77.42831698340792,Williamsstad
2022-12-30 19:40:38,Assault,12.816403771029938,77.44786683692345,North Calvinchester
2023-07-31 18:43:40,Fraud,13.016564377490726,77.51524055160725,Amandaview
2023-08-03 23:41:50,Theft,13.066411803246046,77.43866908845706,Port Keithberg
2024-02-06 01:29:30,Assault,12.858855013662359,77.56241763583641,Port Deanborough
2025-05-29 19:39:53,Fraud,12.92241758798274,77.65014088422177,Lonniemouth
2024-06-07 09:14:13,Assault,12.912403962888396,77.62599722034655,Lake Hailey
2024-08-05 11:08:52,Robbery,12.962991513089644,77.45868568325582,Duncanhaven
2025-06-15 03:05:12,Fraud,12.85111852455881,77.57841326853669,Lawsonbury
2022-12-06 01:58:22,Robbery,13.008126648169553,77.45611456722452,Bryanport
2024-09-01 22:45:14,Burglary,12.91984184816401,77.53547775238806,Port Christinatown
2023-08-12 01:13:43,Burglary,13.061822083321372,77.60895862634311,Lake Dianamouth
2023-12-22 18:10:21,Burglary,12.814166197095174,77.6421645898238,Millerstad
2025-02-18 09:47:03,Assault,13.00322707578524,77.66804778519794,Lake Gary
2023-12-28 23:20:53,Theft,13.09342080729068,77.56405997810779,New Cynthia
2024-06-23 16:23:25,Theft,13.025882852746912,77.45464444928652,Saraview
2023-12-09 14:00:51,Fraud,13.032182773817212,77.44202485889424,North Maryborough
2025-01-26 10:19:31,Fraud,13.079219525795766,77.43013793928412,South Samantha
2023-05-24 02:41:28,Burglary,12.880268733611253,77.49047042083187,West Hunter
2024-01-13 09:44:47,Theft,13.096448469235655,77.62089732725894,Adamsville
2025-05-06 21:26:43,Robbery,13.007182605614329,77.55380477616032,West Haley
2024-04-26 14:06:50,Theft,12.85259522554814,77.56819094802927,Ramireztown
2024-11-10 03:02:30,Robbery,12.93271213592102,77.6807697063036,Lake Nicolechester
2022-12-18 08:59:55,Robbery,12.940191965868964,77.63744374600114,Courtneyville
2025-03-17 10:39:06,Assault,13.020605785735562,77.6069319907551,New Lisabury
2025-05-24 15:17:36,Theft,12.891979394230953,77.43089139997493,New Dawnmouth
2023-10-06 11:06:16,Fraud,12.988399938909483,77.49104987743719,West James
2023-07-20 13:35:25,Theft,13.097658140029575,77.49208376925561,Williamfurt
2022-09-14 23:06:51,Burglary,12.911597113238143,77.42842678990489,Jamesville
2023-09-23 12:56:36,Assault,13.045318729076673,77.66521357165868,Ricardotown
2025-05-24 22:42:32,Robbery,12.869853091880836,77.48075250937758,East Christine
2025-02-07 13:09:25,Fraud,12.964082841963013,77.69133913846088,East Chelsea
2022-11-15 16:28:20,Theft,12.839871919811422,77.55869349817614,New Rodney
2022-10-18 04:27:29,Theft,13.09305100134471,77.5177447200028,Mariamouth
2023-11-24 19:44:32,Burglary,13.017602141100213,77.63893514269459,Aaronberg
2024-06-14 05:49:39,Theft,12.890386280401136,77.41850798598212,New Robert
2022-09-02 22:48:46,Assault,13.084158969530304,77.68913659752084,New Joseph
2023-07-26 23:33:23,Robbery,13.02526112629324,77.47078427285331,New Mariafort
2025-06-17 02:10:25,Burglary,12.892782341022919,77.60923154464362,Margaretmouth
2023-11-13 11:33:32,Robbery,13.011681478799478,77.60827968406397,Wadeburgh
2023-05-08 15:33:04,Fraud,12.811557649291897,77.64735071562046,East Amy
2024-05-29 04:31:40,Fraud,12.86932836746738,77.65418783582857,West Kathleenburgh
2024-11-07 02:53:09,Theft,12.858606875892933,77.44333813697806,Lake Gregorystad
2025-02-04 18:03:31,Assault,13.069706934998635,77.66834546216423,Parksstad
2023-12-21 05:54:24,Fraud,12.840242427232631,77.57519918120774,Johnsonville
2023-07-17 08:20:27,Theft,12.838577760973282,77.62140050180821,Thomasside
2024-11-22 10:02:24,Fraud,12.88875199717865,77.59710264835381,New Andrewmouth
2023-06-02 20:42:20,Fraud,12.903201382841232,77.60853949167797,North Jamieville
2023-11-17 22:08:16,Fraud,12.973158173151464,77.41456857846892,Lake Danielfurt
2022-09-28 17:05:32,Burglary,13.074439733376424,77.60736701467516,Port Ashley
2023-01-04 21:05:32,Burglary,12.850833635516418,77.64298505751137,Normanshire
2025-05-18 19:18:04,Theft,12.893377777591697,77.56568850145908,South Jacksonstad
2022-12-11 13:53:33,Assault,13.06311822958045,77.51858994285365,Amyton
2024-08-12 05:29:34,Theft,12.985202282401255,77.58822298621264,Gregoryland
2023-05-27 20:05:39,Assault,13.039725766432198,77.48699054979264,Cummingsshire
2023-09-17 21:35:31,Theft,12.859918676436653,77.45574413775128,Brianshire
2022-12-23 17:33:16,Burglary,13.071385971264753,77.4796757270605,Gordonhaven
2024-07-21 11:57:16,Assault,12.93793781320444,77.43760201239728,North Kimberlyton
2023-03-04 11:51:33,Fraud,13.01830482051601,77.65440455390434,Lunamouth
2023-10-27 01:15:11,Fraud,12.917165413473093,77.40679024248844,Davisstad
2025-02-03 22:14:56,Fraud,13.01612324963771,77.60839871024466,Melendezmouth
2025-03-13 06:32:14,Theft,13.059778224851698,77.60662786420666,Rubiohaven
2022-11-06 01:38:08,Fraud,12.979739002346147,77.45517741052241,Gabriellebury
2023-02-12 04:00:05,Burglary,13.052203991314418,77.42262375767496,Joshuaberg
2023-04-22 06:11:05,Assault,12.851407096394462,77.4487051801583,East Carloschester
2022-10-09 13:22:37,Theft,12.905382125355295,77.59944434016192,West Christopher
2023-07-29 08:51:12,Assault,12.838121752272395,77.50005120119933,South Matthew
2024-12-30 20:58:47,Fraud,13.007954049857132,77.63215961935911,Ericachester
2022-09-20 06:31:56,Robbery,13.002936167473353,77.5427091890502,Jillianmouth
2025-08-06 16:26:20,Theft,13.074304931182937,77.48270650376428,North Gabrielborough
2023-07-25 00:01:42,Fraud,12.881434212049603,77.4531701629476,North Andrewhaven
2024-08-15 18:24:38,Fraud,13.091088856118626,77.65621637515945,New Danielview
2025-03-18 07:53:54,Theft,13.067417884091912,77.47482078229818,Ramirezport
2023-03-04 23:14:23,Burglary,12.834470984016175,77.46480765612147,New Susan
2024-04-22 13:56:54,Burglary,12.95485307252692,77.49906061383214,Lake Garychester
2023-01-23 17:07:59,Assault,13.016754566299173,77.65232409695747,South Kathymouth
2025-06-18 20:34:34,Fraud,13.016737754222145,77.50450996315139,East Matthewville
2024-11-02 08:38:06,Burglary,12.851076000758951,77.47524249726106,North Crystalville
2024-02-15 14:01:44,Burglary,13.053536483249863,77.58817277947627,Port Jenniferfurt
2024-03-24 23:15:37,Theft,13.059699646214002,77.66665163594517,Rodneymouth
2024-05-15 18:15:07,Robbery,12.99731655413921,77.54414132951726,Velasquezbury
2025-05-15 19:55:56,Burglary,13.008490251859769,77.59544051573162,Davidmouth
2025-04-28 11:56:35,Burglary,13.07366020290239,77.47248917991263,Martinezland
2022-11-25 13:46:03,Burglary,12.98777666486659,77.68780924923617,Floydberg
2023-04-29 13:24:50,Robbery,12.83948584602106,77.5961983472614,South Kyle
2025-06-18 14:32:31,Robbery,12.843050449079499,77.4087437269675,Juanburgh
2025-01-27 22:53:41,Theft,12.998923104639283,77.53531540589675,Michaelborough
2024-10-19 14:10:46,Burglary,12.893647085147045,77.50942080544893,Lindaview
2024-08-26 14:43:47,Fraud,12.906103579309573,77.4527830627562,Jessicaborough
2025-04-18 08:40:01,Theft,13.03447632162669,77.43366794925014,Millerborough
2022-08-23 21:06:10,Assault,13.091463409486753,77.61867079918461,South Jessica
2024-06-14 01:57:39,Assault,13.000276435932912,77.412498337501,North James
2022-12-02 05:00:42,Assault,12.994048388403362,77.66432023673833,Thomasberg
2023-08-18 15:55:45,Theft,12.91632336300893,77.56019575998783,East Ryanmouth
2024-12-29 00:38:40,Robbery,12.89222268991879,77.42688885374203,Shafferbury
2023-07-22 20:12:53,Fraud,12.984830567903051,77.40850473749042,Erichaven
2024-12-11 21:00:54,Fraud,12.939928090848237,77.50932189390144,Powersbury
2022-12-08 13:32:52,Fraud,12.974422806980469,77.48551154541828,Kristinmouth
2023-12-12 16:53:18,Assault,12.808514353680339,77.58774724443202,Fitzgeraldport
2023-11-13 08:59:49,Fraud,12.84135946719605,77.59735162832817,Alanburgh
2024-04-28 10:13:48,Theft,12.880764300894617,77.67534023802904,West Adrienne
2024-10-01 15:04:48,Robbery,13.051375592760506,77.64586281086179,Andersonborough
2024-07-19 10:20:49,Burglary,12.899068866421779,77.59072949345475,East Vanessa
2025-08-03 01:04:28,Theft,12.854654791221712,77.47146522123649,South Ericburgh
2024-10-30 17:24:15,Fraud,13.0799811517154,77.62776795393027,New Vincentburgh
2023-06-10 09:51:16,Assault,13.008841366907374,77.52918944281953,Abbottport
2022-12-17 17:12:52,Burglary,12.838304701984537,77.64300950772022,Lake Carriemouth
2023-08-13 19:57:33,Assault,12.970366119164867,77.48333340877706,Angelshire
2023-06-01 20:26:50,Robbery,12.97650229672644,77.60542506714314,Riveraville
2024-01-17 20:50:41,Robbery,13.061127006917657,77.56945794946239,West Amandaburgh
2024-05-31 19:44:09,Fraud,13.091314260683603,77.57657743454752,West Julie
2025-02-10 14:36:12,Assault,12.93843385361342,77.4203315938964,Lindaville
2022-12-15 05:11:40,Fraud,12.993434764877204,77.43892174216512,Woodsland
2023-10-03 05:26:18,Burglary,12.820100865116139,77.63477246316539,Williamhaven
2025-05-11 16:16:07,Fraud,12.973927082396346,77.6935948234974,Port Deanton
2022-10-19 02:00:10,Fraud,12.939796090528342,77.60258036249164,Rayport
2024-07-03 04:20:50,Robbery,12.814093293215718,77.5494703584081,East Veronica
2023-08-09 20:47:12,Fraud,12.83928207195522,77.53028984782283,Lake Laurenside
2024-05-26 11:00:20,Theft,12.991586442782612,77.52916495430067,Tamaramouth
2024-03-06 03:44:46,Burglary,12.92311610812992,77.44207601287589,West Jonathan
2023-02-25 14:48:05,Burglary,13.062622276453636,77.62975582568575,Cabreraview
2023-11-02 18:28:10,Fraud,13.049538373196302,77.48426629308406,New Davidchester
2024-10-15 02:19:34,Assault,13.042472387895845,77.69141990981475,Dixonview
2025-05-12 19:37:23,Burglary,12.868633174951933,77.55189512113094,Kington
2022-10-09 23:28:51,Assault,12.845515263878239,77.65825422464465,North Vanessaborough
2024-08-19 20:53:02,Theft,12.939909967396334,77.51806365962314,West Derrick
2025-04-22 08:50:25,Burglary,12.898591258303398,77.58717408094716,East Christopher
2024-01-23 22:19:21,Burglary,13.081839412640699,77.55753820718917,New Kim
2024-10-10 00:33:17,Robbery,12.928236864948447,77.56714205372127,Kevinberg
2024-03-08 10:09:33,Robbery,12.865739124721545,77.55747762279171,North Brandonfurt
2024-07-01 14:29:14,Theft,12.845007226637964,77.46037417591916,Lake Jeanette
2024-12-29 15:34:54,Fraud,12.971860792122014,77.51312790158612,East Thomas
2023-08-26 05:12:17,Theft,12.861972251265733,77.66973694474586,Nguyenburgh
2025-01-06 13:28:55,Fraud,12.94992918697325,77.53377501501937,North Amandaview
2022-10-28 09:47:13,Burglary,12.907954494951564,77.61721895476798,Newtonbury
2023-06-09 23:17:58,Burglary,12.99538279224838,77.57165758846139,Loganhaven
2025-01-07 07:37:40,Fraud,12.938331383186613,77.64374436535755,Davidhaven
2024-07-06 08:36:49,Fraud,12.991042013953496,77.6502927509386,Ramirezborough
2022-11-27 09:16:38,Assault,12.864714330945667,77.58628147127061,Kennethmouth
2024-11-16 19:04:09,Burglary,12.864428674830133,77.44555009119883,Lake Tracey
2022-12-08 00:26:43,Robbery,12.818066341351244,77.5546873740629,Lake Sonya
2024-12-26 19:36:28,Fraud,13.069956019063124,77.48279041228275,Vazquezland
2024-03-12 19:07:24,Burglary,12.868216265327096,77.40184972662455,East Jeffhaven
2023-05-02 23:27:53,Theft,12.88483145313863,77.50877889928508,East Roy
2025-03-17 05:41:05,Fraud,12.808603315477676,77.49460953199356,Joannestad
2024-09-15 12:28:33,Robbery,12.811227520153523,77.64184226276029,Steinmouth
2024-02-27 22:13:58,Fraud,12.977429804922767,77.65106396130982,Edwardschester
2025-04-12 19:26:44,Burglary,12.895788149522645,77.68643768902764,Port Ashleyville
2024-09-16 10:22:01,Burglary,13.09539602120047,77.50442231663001,New Brianton
2023-09-18 17:36:18,Burglary,13.01592458741528,77.57774636606104,West Williamville
2024-01-02 23:59:10,Assault,12.942076439371505,77.52770903437076,Lake Alyssahaven
2022-11-26 11:24:06,Assault,12.843778082567407,77.41788054314716,Goodmantown
2023-04-03 19:24:24,Burglary,12.820983571722723,77.60238176342986,Thomasburgh
2024-05-30 17:51:49,Robbery,12.924130293685447,77.64591636623699,Thomastown
2023-03-01 08:14:06,Robbery,13.068122119924247,77.49428385607882,Kellyland
2024-07-26 09:33:42,Fraud,12.850261587686145,77.49621278366702,South Heatherview
2025-06-12 11:34:20,Theft,12.864013452771983,77.62198208458285,Port Ryan
2023-11-02 15:15:21,Theft,12.801660308563926,77.65689109509199,East Paulmouth
2024-12-28 17:31:14,Fraud,13.07225745015238,77.62055180054284,Port Jamesport
2023-10-22 07:34:59,Theft,12.865106069389956,77.53732626711172,Quinnburgh
2023-11-22 04:22:22,Robbery,13.008844852651018,77.61817506673933,East Shannon
2023-03-01 02:39:35,Theft,13.000594001589114,77.583884874699,Port Leonard
2023-05-30 23:58:49,Fraud,12.810606060220755,77.65107379974187,Castilloside
2022-09-23 06:57:50,Assault,13.070605153497615,77.5765868807957,North Pamela
2022-12-30 13:13:13,Burglary,12.836188425524744,77.53307092101531,East Johnfort
2024-07-15 02:50:19,Theft,12.845806611359174,77.40454748492198,Lake Mariaview
2024-12-31 21:01:28,Burglary,13.010751514709508,77.57960421981355,Port Aimeechester
2025-06-06 00:37:10,Fraud,12.886048065641544,77.6617398107853,Lake Deniseland
2024-11-06 21:28:32,Theft,12.82169330940139,77.43180848831912,North Seanfurt
2023-12-26 03:34:44,Burglary,12.862875091281351,77.6354806194023,Andradeville
2024-05-07 09:57:37,Theft,12.872637559041957,77.64518669832607,Hughestown
2024-01-24 15:07:49,Burglary,13.044736101709587,77.50078402423831,Carlashire
2024-02-15 16:45:28,Assault,13.063131454199139,77.67737222832176,Kristinchester
2022-12-18 21:56:56,Fraud,12.873833131174774,77.59913850439618,Lewisport
2024-11-19 13:06:14,Assault,12.945671480614413,77.60232318091606,West Brian
2025-06-01 13:07:33,Fraud,13.02144464652498,77.52948571027821,Port Gary
2025-04-10 14:23:33,Robbery,13.064719062501556,77.42207005984709,South Catherine
2023-08-15 01:20:30,Robbery,12.944751416771863,77.41399847279791,East Amandafurt
2024-03-09 07:02:11,Theft,12.986087089478037,77.49987555324697,Lake Darren
2023-04-09 19:31:40,Burglary,12.916086656431071,77.57859821163215,West Amandamouth
2024-02-10 08:59:31,Burglary,12.927803631770018,77.68106652785333,West Williamview
2023-09-14 13:19:44,Theft,12.936613691245396,77.4618447279546,Griffinberg
2024-10-02 07:08:58,Theft,12.871003933854317,77.63691559613277,North Katherineland
2024-12-25 00:13:38,Fraud,12.827186731905211,77.59602311748371,Diazville
2022-10-29 01:00:37,Theft,12.937005321548906,77.66858042727772,Leefurt
2023-09-26 00:48:12,Assault,12.903078948346643,77.49928781897455,New Erik
2023-06-10 00:43:17,Robbery,13.070152331379735,77.60010599191523,Shaunbury
2025-03-28 22:13:29,Fraud,12.94159349468908,77.55805616466674,Johnsonfort
2024-07-12 06:56:50,Assault,12.981429367446255,77.52225193437988,North Mike
2025-02-15 15:06:53,Fraud,12.927389099866328,77.55909097246825,Lake Amber
2023-06-17 14:02:16,Burglary,12.995125138338013,77.47065767695433,Jeffreyburgh
2025-03-15 17:12:04,Fraud,12.945319781432294,77.51319382976529,North Christy
2023-02-19 12:40:47,Robbery,12.976789226291443,77.4450339453636,New Alexandra
2023-09-23 13:03:12,Theft,12.965042194129323,77.55670372701145,Middletonville
2025-07-29 03:00:14,Assault,13.069032989484864,77.56193991031991,Caldwelltown
2024-05-27 15:17:18,Assault,12.840439029710204,77.41463169468835,South Stephenburgh
2023-11-23 09:18:52,Theft,12.829974954865973,77.49433018475015,South Rickyhaven
2023-10-14 07:07:24,Robbery,12.867052647320062,77.65490645896782,South Robert
2023-07-23 17:48:41,Burglary,13.098392383471,77.49798434180452,South Lauriestad
2023-09-30 21:32:46,Robbery,12.880083175922394,77.54786376367304,Walkerville
2024-06-01 01:22:02,Robbery,13.054529816221116,77.55368210722017,West Davidview
2022-09-18 12:56:15,Fraud,12.92773913377323,77.55586338933408,Espinozaville
2024-07-12 07:52:22,Robbery,12.94982086873024,77.5662411217188,West Craigview
2024-10-30 02:24:21,Robbery,13.001275100753418,77.61638127193106,Mollyborough
2022-12-03 05:06:53,Fraud,12.821211647307509,77.6552832122447,Fryefurt
2023-11-24 02:29:56,Theft,12.899924052542458,77.56831810938804,Scottport
2025-05-28 21:18:30,Burglary,12.965458967353795,77.59026132736525,Carlsonland
2024-05-01 02:16:55,Burglary,13.038024131875645,77.46237116289487,Rodgersport
2023-08-06 14:13:54,Robbery,13.025737743791405,77.4876480483587,Sanchezland
2022-10-04 09:35:19,Theft,13.051589026473792,77.4675532203162,Kimberlyland
2025-04-15 03:21:38,Assault,12.864036907267408,77.57189543169613,North Jenniferville
2024-03-12 21:31:27,Assault,12.955674779568767,77.65311561301267,Mitchellside
2025-03-19 05:51:51,Fraud,13.04394874646975,77.55900993730457,East Jonathanton
2023-07-15 03:51:23,Robbery,12.935122863980256,77.67870438503896,South Bobbyhaven
2024-09-17 01:17:17,Assault,13.045843585265155,77.6044672781238,West Christopher
2024-04-30 19:43:04,Burglary,12.834493326393764,77.4843428463956,Cookland
2024-02-14 00:17:27,Burglary,12.822235591627683,77.5895408897291,Lake David
2023-12-31 17:05:10,Assault,12.95922100383098,77.43248765056875,Williamfort
2024-08-04 17:53:47,Fraud,12.858331138746877,77.67032596778768,Murphyfurt
2023-04-30 10:53:06,Theft,12.941230210301205,77.58025133008567,Jonathanville
2022-09-10 02:03:04,Robbery,12.989710654883318,77.58215379280827,New Victorborough
2023-09-15 13:34:01,Theft,12.981796544332738,77.63756922994526,Monicafurt
2025-07-07 00:05:16,Burglary,13.079905063243404,77.6644652112342,New Angelabury
2024-12-03 22:52:50,Burglary,12.831508012883573,77.62964395265925,South Paulafurt
2022-10-28 00:36:33,Fraud,12.911489466581898,77.67499684058907,New Amy
2022-12-28 03:01:13,Fraud,13.059125572775867,77.53333273012305,Vegamouth
2023-05-17 01:39:58,Robbery,12.96955084054479,77.47855204276142,Kevinland
2023-10-07 12:25:06,Burglary,12.825919967842626,77.53221256484733,Arroyotown
2023-06-13 14:22:17,Fraud,12.848725310640175,77.67987828230315,Beardfurt
2024-03-26 07:10:57,Fraud,12.928167761005517,77.42897119045207,West Johnny
2023-01-13 13:05:47,Burglary,12.806120804920992,77.48554087834871,New Joseph
2023-04-17 16:26:55,Robbery,12.91536072928515,77.63250238925387,East Kelseyland
2024-09-11 12:57:28,Theft,12.822422815087306,77.57030436471096,Port Johnnyland
2024-01-26 21:39:54,Theft,12.920253905946815,77.68119814369662,Simsland
2023-10-12 19:51:37,Robbery,13.093301979163675,77.42602205534848,West Dianahaven
2024-07-07 08:39:57,Theft,12.992872858237256,77.69728373717444,South Sarah
2024-04-16 14:56:49,Assault,12.809069918727511,77.53746750115536,South Mariashire
2023-09-30 07:07:22,Burglary,12.97421614587874,77.55516999098784,Clarkfort
2023-10-16 00:20:25,Assault,12.96888196477116,77.40177474370432,Lake Melanie
2023-08-25 23:22:03,Theft,12.926229985828657,77.45886911653112,Jeffreyfort
2023-05-10 04:33:14,Robbery,12.902275468176846,77.55434313636587,Deniseside
2024-03-19 14:38:21,Burglary,13.03711067815138,77.58935187135965,Port Wendystad
2023-07-06 09:28:01,Assault,13.08535039070417,77.68003454850852,Danielton
2023-09-01 05:26:34,Burglary,12.929993527922775,77.45141446264883,Rodneyborough
2023-04-14 00:12:04,Robbery,12.968401756393972,77.45131467866052,East Ellen
2025-07-24 14:59:03,Burglary,12.972680482942437,77.53711075839097,Timothybury
2023-10-06 22:12:25,Burglary,12.80298045160909,77.46908024957476,Michaelborough
2023-05-09 02:22:11,Burglary,13.064911790180927,77.68806278171778,Port Cameronshire
2024-04-21 09:38:39,Assault,12.982952992606934,77.66271712514303,Gravestown
2023-04-30 08:48:19,Theft,12.951551491104343,77.49031476708001,Matthewborough
2023-09-20 01:33:05,Fraud,13.074067801928924,77.45394036531795,New Jeanberg
2025-06-14 01:43:14,Assault,12.807298508607003,77.55395203492034,Port Deannaport
2025-05-10 16:42:08,Theft,13.012664793889108,77.55819790676277,Jonesstad
2023-01-11 00:57:23,Fraud,12.878320867493631,77.47013409903067,Stevenside
2023-09-09 19:08:44,Burglary,12.956098800990231,77.62945549353756,Jeromeborough
2023-06-10 06:20:55,Theft,12.870359016380338,77.48874469331295,North Jaclynchester
2024-01-05 19:39:45,Burglary,12.801957903080204,77.64388698179152,North Teresa
2025-03-17 12:03:49,Theft,13.03539382616829,77.63181074799782,Lake Tylerside
2024-02-11 00:04:02,Burglary,13.06081065849137,77.48110088589091,East Nicholas
2022-12-23 16:47:57,Fraud,13.068492617573398,77.59149032016353,South Christopherchester
2024-08-06 01:34:30,Fraud,13.060410973987768,77.54942839871832,Melissatown
2024-12-17 22:30:41,Robbery,13.042357478424877,77.63218653818117,Griffithmouth
2023-12-13 20:26:41,Assault,13.096718196723172,77.66592240717371,New Vanessa
2022-09-04 20:41:11,Robbery,12.82352954109823,77.53379383971628,Amybury
2023-03-07 20:12:51,Theft,13.079341976689738,77.40032608930579,Wilsonmouth
2025-05-02 05:45:58,Assault,12.864809133088823,77.43004288517587,East Ricky
2024-12-18 08:52:35,Burglary,13.086772626162901,77.68408841252726,West Lisaview
2024-10-07 11:47:44,Theft,12.912844097278805,77.40761123234347,East Guy
2023-08-25 12:37:30,Theft,12.879973954490872,77.41045465779892,Jamesfort
2024-11-02 04:49:14,Theft,12.923814101485693,77.49768050885008,East Joseph
2025-01-14 21:08:39,Burglary,12.940010180528361,77.4058262064489,Danielside
2022-10-11 11:34:51,Burglary,12.924034052002481,77.57967070680284,Michaelland
2022-10-21 13:23:49,Theft,12.856497207764857,77.61733718084058,Port Emma
2023-11-12 21:53:47,Burglary,12.898627558850878,77.600747149863,North Johnland
2024-10-27 00:59:15,Robbery,12.881946586200554,77.43025387306207,Danielletown
2023-08-19 22:35:14,Burglary,12.857873439096581,77.6228688236403,Kochstad
2024-02-27 10:26:56,Assault,13.015835727521115,77.54381174651417,Lake Pennyborough
2023-04-07 04:20:32,Robbery,13.07061648919582,77.60985502339902,Port Jenniferberg
2023-04-22 04:02:45,Theft,12.939703434391754,77.54509617847592,Frankburgh
2024-03-08 16:30:16,Robbery,12.984887388655968,77.47121392846047,Mooreview
2022-10-21 15:43:38,Burglary,13.001984555353458,77.62063474977748,Cruzton
2022-11-17 00:13:54,Theft,13.023578437210627,77.6184795608534,Amandaland
2024-08-25 21:29:48,Theft,12.803115734570142,77.62094756045163,South Lori
2024-01-05 09:35:40,Assault,12.976968021478951,77.58752315080939,Judytown
2024-12-23 22:39:07,Robbery,12.859753138148534,77.52802730383571,East Maureenport
2023-08-21 12:18:49,Assault,13.064842821134107,77.52292010888772,North Robertshire
2024-12-08 14:25:17,Burglary,13.095979830202968,77.51632842917222,Anthonymouth
2025-01-31 18:19:38,Robbery,12.869515199996957,77.51449195331075,Berryton
2023-11-21 08:12:32,Fraud,12.860469876882128,77.6579720207574,Swansonshire
2025-06-22 10:11:01,Robbery,12.870371088909902,77.55086028014124,New Tonyberg
2022-08-29 16:07:25,Theft,13.027591809254307,77.66174919875013,South Micheal
2025-03-11 19:35:36,Robbery,12.977037246248218,77.40025264196713,Lake Yolandastad
2024-01-10 03:36:38,Burglary,12.889837724398049,77.68700261643396,Keithside
2023-05-12 21:17:40,Assault,12.983332030039993,77.58036897131707,Benderhaven
2023-07-27 03:08:53,Theft,12.995081901042047,77.55069505818113,Michellefort
2024-10-28 01:34:24,Fraud,13.094312597684588,77.46085570998494,Lake Maryberg
2024-09-30 23:43:23,Assault,12.90683670766866,77.64952074201935,Jasminestad
2025-01-11 12:00:33,Theft,12.831900279136523,77.56931179890489,North Megan
2024-10-14 02:38:54,Theft,12.904695243882085,77.61011227100836,North Stephaniemouth
2024-11-05 05:45:40,Assault,12.814076976224914,77.46354217277916,Dakotaville
2022-11-12 18:51:26,Robbery,12.977810046444509,77.46112445233695,Port Cindy
2024-11-14 10:22:03,Theft,12.955230514100009,77.43905392649775,Christinestad
2024-06-24 18:42:46,Fraud,13.075192948224093,77.4378036567462,Weaverton
2024-10-08 23:25:55,Theft,13.001361100584866,77.63818408771448,Meganside
2024-06-27 16:18:57,Fraud,12.961254565387497,77.64692075529308,North Valerieville
2024-02-10 18:49:33,Burglary,12.920023844404154,77.53497572705311,Lake Robert
2025-05-13 15:28:39,Fraud,13.018863413965605,77.69411908403383,West Jay
2023-04-30 19:58:57,Burglary,12.93648524028315,77.57377103277437,North Jamiemouth
2024-10-21 23:35:43,Assault,12.946004024704116,77.60426004123926,Patriciatown
2022-11-25 22:48:23,Assault,12.961108714878062,77.66118995379053,East Stevenchester
2022-09-15 15:26:05,Robbery,12.91517741111945,77.46017299762804,South Anthonyland
2024-02-16 13:13:49,Robbery,12.894902325618466,77.66620195310561,Adkinsstad
2023-01-21 04:28:39,Fraud,13.018783383443637,77.4024137739503,Brianburgh
2024-07-19 06:32:08,Robbery,12.930539340094928,77.58416152254472,Lake Patriciaborough
2022-12-19 18:12:01,Theft,13.098291616254723,77.63407513509637,Whitefurt
2024-02-12 15:49:34,Burglary,12.97365370654352,77.62921584298277,New Joseville
2023-09-24 16:26:02,Theft,13.004171244704827,77.6793696384788,New Christopher
2023-08-04 15:49:27,Theft,12.8664059248681,77.63189930827082,Harveyton
2022-09-08 04:59:19,Theft,12.855978973652507,77.69266686864843,Burchport
2022-10-29 21:31:54,Robbery,12.86184045783158,77.55984516047648,South Samantha
2024-12-15 15:02:32,Theft,12.939968626251249,77.59804422644272,Andersonport
2022-12-16 16:41:35,Theft,13.079038864081737,77.63190183430144,Christineton
2024-10-08 08:38:07,Fraud,12.824570909393925,77.42354716387713,Spencerborough
2024-04-08 22:25:29,Burglary,12.953467660125227,77.66872176208526,Mcculloughhaven
2023-02-05 13:34:05,Assault,12.960028164532785,77.42806756331389,Port Megan
2024-09-21 13:36:29,Assault,13.036662616983701,77.50014885808274,Brandiville
2023-09-19 19:26:00,Burglary,12.827469816033332,77.57868359677535,New Tammieport
2023-10-18 00:46:43,Theft,13.053113003689889,77.68516041999489,Longmouth
2025-08-03 11:13:10,Burglary,12.852162535721012,77.50755292552535,Alvaradomouth
2022-10-25 03:45:04,Theft,13.060527554628395,77.4584479262365,North Carolyn
2024-10-08 15:30:27,Assault,12.853021947704173,77.5471902386044,Mcconnellhaven
2025-05-03 00:12:08,Fraud,12.939828842087191,77.46867739998892,Lake Billy
2022-09-26 06:51:16,Robbery,12.95692229927299,77.69240265553599,Gordonville
2025-07-27 20:59:12,Burglary,13.043508658270955,77.48446664712611,North Juliemouth
2024-01-23 15:53:02,Theft,12.810476543319268,77.67464741854195,Rivasfort
2024-09-27 21:13:50,Theft,13.097653170566078,77.65130501859751,Bradleyshire
2023-11-03 11:29:54,Burglary,13.087030906988117,77.44447283777416,Patrickberg
2023-11-01 18:00:28,Burglary,13.081205198942214,77.54686147047349,Boyerfurt
2025-07-17 15:02:02,Fraud,13.072052518979357,77.56948148252945,Abigailstad
2023-08-14 22:12:18,Robbery,12.97378265167847,77.41582213803201,Port David
2024-04-18 18:29:58,Robbery,12.87033792213258,77.47901698516749,North Jane
2024-05-04 19:17:58,Theft,12.95507375380129,77.66643166119204,Hallchester
2022-11-09 03:20:19,Theft,12.900338198891896,77.40566688537321,Gregoryport
2023-01-05 04:12:40,Burglary,12.911710731023566,77.44722168192735,New Brandi
2024-02-10 15:55:07,Robbery,13.042704427691952,77.40069872407084,West Kenneth
2022-09-28 00:35:54,Assault,12.81100622764718,77.44198727110985,New Justintown
2022-10-28 11:48:35,Burglary,12.960754176076026,77.64359465686255,North Benjamin
2024-02-06 11:47:14,Robbery,12.888554636336204,77.68688362040697,Lake Bailey
2024-05-11 06:50:18,Robbery,12.94932730046296,77.51935739268502,Lake Julie
2024-11-19 10:21:15,Fraud,12.84292589813711,77.42034267550403,North Crystal
2023-02-10 09:59:52,Theft,12.903016754368727,77.43089223369552,Michellemouth
2022-12-12 10:29:00,Burglary,12.826980388436693,77.44289036843298,Hurleymouth
2023-02-14 19:56:22,Theft,12.91343969508458,77.59842870458189,Justinbury
2023-06-06 11:47:53,Assault,12.874498746702065,77.44805962873654,Josemouth
2024-01-16 09:47:30,Fraud,12.975338196888206,77.51640268550112,South Henry
2023-11-02 00:47:27,Robbery,12.844826712158332,77.58995853337889,Kathrynport
2024-06-06 16:08:11,Burglary,12.88881845825422,77.5028902519068,New Mackenzie
2023-11-09 06:34:50,Burglary,12.899385345008419,77.67305956772421,East Joshuafurt
2025-02-28 08:34:21,Robbery,12.854437110501825,77.41137318047146,New Jeffreymouth
2025-04-11 23:45:19,Assault,12.970428615061897,77.65273837885805,West Shaneville
2023-11-05 04:25:10,Robbery,13.083420142677337,77.63730457914998,Sueland
2024-03-02 01:51:39,Assault,13.080201075300314,77.55458821558128,Monicastad
2022-12-22 18:45:37,Robbery,12.80092056941691,77.58400771395173,Jasontown
2024-07-24 19:47:41,Burglary,13.00826727011572,77.43690506548963,East Samuelfort
2023-07-26 05:36:56,Fraud,13.062911342760495,77.58271028249723,Lake Sherri
2023-04-20 08:45:36,Assault,12.963745156843158,77.6975163572162,Port Madison
2023-03-29 04:37:34,Assault,12.838579990286997,77.69123769217055,Bradyland
2023-05-08 03:36:11,Burglary,13.044275202382583,77.61634147951256,West Francisco
2025-05-25 18:44:17,Fraud,12.900360277181287,77.55071245694506,Warrenmouth
2023-07-13 13:45:04,Assault,12.897936635887707,77.4855719071051,Lake Randymouth
2024-08-17 15:13:45,Robbery,13.098239435405779,77.49182798685852,Deanland
2023-05-19 07:07:59,Robbery,13.020823915029137,77.57024045803713,Port Josephville
2023-12-15 01:21:32,Assault,12.818357520757889,77.50803320334211,Johnshire
2025-07-25 20:49:52,Robbery,12.80344300522636,77.55186262196041,Lake Gregoryton
2022-10-22 12:43:10,Theft,13.064041050929251,77.53747230935176,Port Chadchester
2025-05-04 17:43:52,Burglary,12.877181456104378,77.5172627179002,West Brian
2023-09-04 23:10:28,Robbery,12.969222653453867,77.51598881316404,Bryanchester
2023-12-26 15:43:48,Burglary,12.961103945545972,77.53283619064253,North Natasha
2024-04-08 03:53:53,Robbery,13.066692258740437,77.6829901080311,Port Nichole
2024-07-27 15:56:17,Theft,12.808049650223076,77.6249484758723,Port Lauramouth
2022-08-29 07:11:45,Fraud,13.085928381724743,77.58707375530885,Sullivanville
2024-06-19 07:01:34,Burglary,13.098668566699502,77.43685730431845,New Jay
2023-10-25 14:05:15,Assault,12.801230262661624,77.43356416249445,South Joechester
2025-05-31 04:43:52,Fraud,12.943078976871952,77.42743575513894,Dillonstad
2024-05-29 23:35:48,Robbery,13.060162628047005,77.50948073521533,East Williamfurt
2024-04-10 15:53:35,Fraud,12.938454392642791,77.44903450464874,New Mark
2025-06-14 06:02:19,Assault,12.964525932499495,77.65801213871543,Owensside
2024-09-20 01:21:18,Fraud,12.974406092519402,77.51649209669088,North Alexandriaton
2025-05-20 19:54:57,Burglary,13.053274826817914,77.69015861961944,Jamesberg
2023-09-14 10:02:15,Fraud,12.9110329717133,77.69115454152146,East Cynthia
2025-06-08 04:54:10,Assault,12.81597199291136,77.48925903479392,Martinstad
2025-03-09 22:50:51,Fraud,12.841450196222828,77.63395007600616,Williamstad
2023-06-26 23:03:32,Assault,12.88676432043912,77.53924190425862,New David
2023-01-09 09:17:32,Fraud,12.865158652910752,77.62459994074301,Tracyfurt
2024-09-27 11:10:00,Theft,13.023279837068728,77.69060352169824,Jameshaven
2023-09-07 05:16:31,Fraud,13.010193572191863,77.51783644201495,Gordonbury
2025-01-08 19:39:12,Theft,12.93871218783081,77.47225554288653,New Jeffrey
2024-01-15 11:57:26,Fraud,13.06931710742045,77.54086973500782,Lake Timothymouth
2023-10-04 22:33:23,Fraud,12.926492700625806,77.50352359015571,North Michealberg
2023-12-30 11:29:40,Fraud,12.960155834802611,77.67746255842505,North Raymond
2024-12-31 20:46:59,Fraud,12.808135821204058,77.66431287000111,Amandachester
2023-09-17 18:20:12,Robbery,12.882873342539986,77.53561169830759,Hornstad
2024-03-08 04:09:09,Robbery,13.011864159316378,77.48912099739981,Juanview
2024-09-24 22:02:44,Theft,13.061228546904623,77.46022614061928,Beckfurt
2022-09-28 06:01:10,Assault,13.032921159659228,77.42643551072926,Lake Terri
2025-03-03 04:18:02,Robbery,12.826563358878888,77.40830979486105,West Davidborough
2023-05-20 21:07:25,Assault,12.83316559151911,77.46804144491712,New Logan
2024-07-12 07:27:45,Robbery,12.858884798534572,77.41213503089708,North Laurastad
2022-11-16 07:30:09,Robbery,12.97844076282766,77.42734622609456,North Kimberly
2025-01-16 11:07:11,Robbery,12.836528982876724,77.43282103806057,Bartonfurt
2024-10-22 03:54:04,Fraud,13.034455125902598,77.52216987219879,West Timothyshire
2023-08-04 05:29:56,Burglary,13.03950948863441,77.48338267560155,Erinburgh
2024-03-09 10:23:57,Assault,12.99700911453135,77.54317957907297,Amandaport
2024-04-04 18:24:26,Theft,13.044189681683543,77.69614798174442,East Joseph
2024-01-23 13:01:38,Robbery,12.804050688900706,77.46177725516682,Ricardofort
2024-08-16 11:04:46,Fraud,12.994179526830688,77.61445201353422,West Brandonshire
2023-12-03 17:35:08,Robbery,12.861767743935749,77.45402481450174,North Monicabury
2023-07-04 19:12:45,Assault,13.008182591070154,77.42749708433836,Jenniferchester
2025-05-16 10:37:26,Fraud,12.80336111158686,77.56401847721939,Nicolebury
2024-06-07 09:20:54,Assault,12.852947962748887,77.49946275645236,Port Leslie
2023-01-05 23:38:17,Assault,13.096462169550316,77.53959931941196,Port Michael
2025-07-21 16:18:48,Robbery,12.945906675962906,77.6572232277716,West Karlchester
2023-12-21 12:00:33,Robbery,12.857763162860756,77.40982968938332,Port Ericchester
2022-11-29 21:21:13,Assault,12.964958480793547,77.55847480309326,South Charlesbury
2022-09-15 13:42:23,Fraud,13.007293839003287,77.43629837059545,Lake Michelle
2025-07-23 20:37:53,Burglary,12.90235258409093,77.63204731858889,Garciaview
2025-01-07 09:25:52,Burglary,13.097832243597104,77.49720385392068,South Andrealand
2025-03-01 15:18:40,Theft,13.00206913184679,77.50404526797738,Fernandostad
2025-03-15 20:34:06,Robbery,12.846630679261532,77.43239814219349,Karentown
2023-11-12 12:23:49,Burglary,12.875510448013895,77.64575455786361,North Paulaborough
2024-03-13 13:47:11,Fraud,13.067617872220131,77.5995057030133,Lake Alexandriabury
2024-07-22 18:31:04,Theft,13.033779381798114,77.64420225019626,Donovanberg
2024-01-06 03:48:23,Fraud,12.910774022883844,77.4632044067174,Richardmouth
2024-04-01 00:53:19,Robbery,13.003717447977287,77.50664372716507,New Autumnshire
2025-05-19 07:52:51,Assault,12.805183151170192,77.41578855528908,Lake Tammy
2023-01-28 20:09:55,Fraud,12.889513416106494,77.591038184656,Cynthiaview
2024-09-11 01:05:28,Theft,12.893931002122088,77.58783533824139,Lake Williammouth
2024-10-19 23:58:03,Burglary,13.048687531645458,77.48779318726896,Lake Kelly
2024-02-04 10:52:45,Fraud,12.848235633049104,77.69081266094774,North Kevinberg
2023-06-23 17:56:39,Fraud,12.923183863366525,77.41300664554969,Rachelville
2024-08-31 21:02:04,Burglary,12.92145945952064,77.67911700669076,North Kelly
2024-02-22 00:37:43,Robbery,13.019252405785469,77.48407123705454,Christopherland
2023-12-15 17:56:19,Assault,12.930602733805452,77.65589078919635,Lake Waynefurt
2025-04-24 21:41:30,Theft,12.971697087583838,77.59619316199077,New Carmen
2022-12-24 19:10:02,Burglary,12.928709391444814,77.42144438014148,East Samuelstad
2023-10-01 23:07:16,Fraud,13.042006993094269,77.47029664562311,Port Gary
2023-03-05 21:07:02,Assault,12.959706956229358,77.43198918870036,Donaldburgh
2023-01-09 07:12:13,Robbery,13.045085562241704,77.60155412673988,Holmesborough
2024-03-26 11:22:16,Robbery,12.815166987152208,77.59624458664491,New Ryanton
2025-03-07 08:30:56,Assault,12.863757986906394,77.50566438628054,Buchananburgh
2023-02-14 13:22:19,Robbery,13.048691646939421,77.47630898682934,New Catherineside
2025-01-23 15:55:19,Fraud,12.892767546708777,77.68825047649034,West Rebekah
2023-06-10 12:21:51,Robbery,13.0850264401045,77.69475388463785,Danielsberg
2025-03-13 16:25:29,Burglary,12.873627944231615,77.44293927252981,New Brandonbury
2023-06-12 13:43:24,Robbery,12.822133345798738,77.44378626311838,Youngton
2023-06-24 21:27:17,Theft,12.919268039855048,77.60992036394869,Daviesfort
2024-03-10 15:42:12,Assault,12.803735206758494,77.59427903921286,Mckinneyland
2025-06-06 10:14:17,Theft,13.008371266551588,77.5313637912322,Johnmouth
2024-01-28 22:11:29,Theft,12.892788965889913,77.63940579038379,New Dawn
2025-05-05 11:15:09,Fraud,13.049434916624215,77.47238077785953,Gallegoston
2024-02-06 22:11:40,Assault,12.95054700285141,77.63453804283479,Meganbury
2024-06-20 20:57:21,Burglary,12.821252007709212,77.5469599889812,Blevinsland
2024-08-10 04:11:40,Robbery,12.982203190824686,77.6876802889689,Watkinsberg
2024-11-08 15:40:10,Burglary,12.808346898471916,77.65422421502016,West Tammy
2023-02-06 03:34:42,Burglary,13.021439841663566,77.42954353276394,Kimberg
2024-06-15 08:04:00,Robbery,12.884018117781507,77.43409868452275,North Angela
2025-01-28 22:53:01,Fraud,12.802110214400203,77.5606591558829,Lucasstad
2022-11-10 06:11:48,Fraud,13.05388758895252,77.61570730283107,Davisshire
2024-12-06 21:55:57,Assault,12.99948983842804,77.40683421946979,East Williamberg
2023-11-01 15:14:26,Burglary,12.946563368141323,77.55164054511994,Coxville
2025-06-24 17:56:39,Robbery,12.84359854211333,77.55647788940475,West Deborah
2024-02-07 06:27:52,Burglary,13.058033832967961,77.63482914685332,Caseyborough
2023-07-25 08:27:31,Assault,12.854675860769131,77.69731102148394,Thomastown
2024-04-08 07:22:40,Robbery,13.09138869696657,77.58109926768947,Laurafurt
2024-03-05 11:26:33,Burglary,12.8660287073772,77.6877659729159,Woodardview
2024-04-26 17:43:55,Assault,13.032677631231108,77.66742980257564,Hancockside
2023-07-26 02:16:47,Theft,12.964793929817738,77.4692607326241,Lake Danielshire
2025-08-03 23:24:37,Robbery,12.85682417519131,77.68839719761641,Michaelburgh
2023-05-06 17:12:55,Burglary,12.919287039407541,77.62035842697337,Myersside
2023-04-15 14:39:34,Fraud,13.082533368694577,77.48918524682178,Lisabury
2024-06-19 00:34:10,Fraud,12.925907768476211,77.4007444599972,West Christine
2025-06-23 16:49:37,Fraud,12.976582847891565,77.47873564383492,Port Michael
2024-03-20 05:55:15,Assault,12.977231127420563,77.65661204076878,Jamieburgh
2024-05-28 04:18:01,Robbery,12.812543234684252,77.54798785464335,Serranoport
2023-03-12 21:13:35,Fraud,12.964211196647227,77.6969296845581,Brandonville
2025-07-18 09:14:41,Burglary,12.957812186331742,77.58567481351025,South Danashire
2023-05-13 00:50:03,Robbery,13.09892756301217,77.40931387237733,Margarettown
2024-01-31 12:07:27,Assault,12.814757052262264,77.57435488274542,Fletchermouth
2025-06-01 00:09:09,Assault,12.980348843961574,77.42436209900109,North April
2024-03-29 05:28:15,Burglary,13.088009913395373,77.59319295747235,Phillipsville
2023-09-16 13:08:24,Burglary,12.959621120860273,77.65152181723357,North Tiffanyberg
2025-05-10 07:55:50,Robbery,12.994549110842879,77.5547706438872,Lake Connorview
2025-05-15 14:27:18,Burglary,13.09070042658297,77.64532306938716,West Brentborough
2024-07-27 04:31:57,Robbery,12.81067269704825,77.64318343103174,West Margaret
2023-04-16 11:14:59,Assault,12.867254235736999,77.61705641122205,Port Steven
2023-09-23 09:02:48,Theft,12.880778563629695,77.44591101912003,West Kellyfurt
2024-10-02 16:10:26,Fraud,12.827590690325982,77.62576522137927,East Andrewstad
2023-10-03 12:47:07,Assault,12.991516756362074,77.59002878597288,Dustinmouth
2023-02-21 21:18:20,Fraud,12.90805570754297,77.43673324826813,New Julie
2023-07-03 18:10:41,Assault,12.858667358874618,77.45814456719971,Whiteport
2023-08-23 12:52:31,Assault,12.957374239319535,77.47473709994722,Johnshire
2025-07-12 10:39:53,Fraud,13.086447928590495,77.41605596317542,New Anthonymouth
2024-10-28 08:46:14,Burglary,12.864982192686027,77.5946960446268,New Cynthiaburgh
2023-09-19 06:17:18,Fraud,13.078019193984188,77.57102325252211,Davisport
2024-06-26 13:19:07,Fraud,13.009556340281895,77.53077404564445,Davidmouth
2024-03-20 18:17:28,Theft,13.047040886502113,77.55701898956711,Parrishchester
2024-08-27 06:35:47,Fraud,12.927799139131816,77.46736503673728,Port Jessicatown
2025-05-04 07:29:34,Theft,13.05104510276721,77.46570291639387,Lake Alicia
2023-04-21 16:55:56,Burglary,13.070480463243467,77.65853959785966,Frankborough
2023-10-01 09:44:52,Fraud,13.08253801978655,77.61432776467399,North Andrew
2025-02-17 02:26:25,Assault,12.876800330309088,77.67657218498498,Bushfurt
2023-06-18 16:36:48,Theft,13.05657857482989,77.57881323671828,South Sarah
2023-02-06 03:03:50,Fraud,12.916239796056901,77.53683844516252,North Susan
2023-11-15 01:23:45,Assault,12.815669896599848,77.61155473026456,Woodardton
2024-10-17 23:46:29,Theft,12.965864861533273,77.43939006568264,Meganland
2022-11-16 20:33:49,Theft,12.926138341678739,77.58142749239757,Charlesborough
